None	1858
plasmids	111
x003b1	50
autoantibody	31
DSHB	28
x003b2	22
Hes1	16
plasmid	16
p24	15
anti-GFP	14
-tubulin	14
tubulin	11
anti-HA	11
anti-tubulin	9
cDNA	9
recombinant	9
autoantibodies	9
cDNAs	9
-actin	8
PHF-1	8
9E10	8
anti-actin	8
Pax7	8
actin	8
anti-GFAP	8
and/or	8
A2	8
x003b3	7
anti-tau	7
subunit	7
anti-mouse	7
anti-p24	7
anti-NS5A	7
E2	7
MF20	7
NS5A	7
TAT1	7
IgG	6
phosphorylated	6
p53	6
L1	6
hybridoma	6
SV2	6
PHF1	6
anti-IMC1	6
DSTT	6
anti-BiP	6
anti-dengue	6
ZYP1	5
anti-E	5
BiP	5
O4	5
HIV-1	5
RTA	5
3F4	5
anti-NP	5
18B7	5
anti-ACP	5
MHC	5
lamin	5
T4	5
Hsp90	5
phospho-specific	5
anti-synapsin	5
immunohistochemistry	5
anti-CD63	5
anti-PCNA	5
anti-PML	5
-HSD	4
GnRH	4
NS5A-specific	4
HLA-DR	4
gp120	4
Pax6	4
de	4
IgM	4
MAGE-A4	4
integrin	4
H3	4
GM130	4
's	4
anti-NS1	4
laminin	4
x000a0	4
peptide	4
2H3	4
L3B2	4
peptides	4
D1	4
histone	4
PCNA	4
Atg5	4
HTP-3	4
Sox9	4
anti-OmpA	4
anti-MBNL1	4
1D4	4
anti-L1	4
CCK	4
opsin	4
mitochondrial	4
ATPase	4
b12	4
anti-human	4
ORF1	4
osteopontin	4
decorin	4
GFP	4
-catenin	4
LC3	4
arrestin	4
x02013	4
murine	4
ferritin	4
Arl13b	4
12B2	4
p38	4
nc82	4
MAb	3
anti-PrP	3
cathepsin	3
anti-E2	3
RAD-51	3
c-FLIP	3
mAb	3
CP	3
Sha31	3
anti-Rad53	3
polymerase	3
II-II6B3	3
PRL	3
anti-ACRV1	3
vimentin	3
H2A	3
megalin	3
E2-specific	3
TrkA	3
anti-gB	3
PAX7	3
x003b4	3
4D9	3
PDK4	3
anti-AMA1	3
x003ba	3
TAT-1	3
anti-T1R3	3
OC	3
AGO2	3
UCP1	3
anti-GAPDH	3
GM2	3
anti-Vasa	3
GABAAR	3
Phox2b	3
antibody-positive	3
anti-Tax	3
anti-PC	3
rhodopsin	3
interestThe	3
anti-CFTR	3
12E8	3
StAR	3
ICSM35	3
2F5	3
anti-Akt	3
Pax3	3
VDRC	3
AP33	3
proteoglycan	3
anti-PER	3
zebrafish	3
anti-TIM	3
anti-CD4	3
anti-CD8	3
WEHI	3
transitin	3
nestin	3
VC-1	3
CTCF	3
anti-RON4	3
447-52D	3
core-specific	3
Arp3	3
BubR1	3
E5	3
Sox10	3
A3G	3
anti-MR	3
TSPO	3
anti-flagellin	3
SSEA1	3
-galactosidase	3
SMN	3
anti-rabbit	3
CFTR	3
MW8	3
anti-H3K9me2	3
-DC-SIGN	3
TFAM	3
Tat1	3
Isl1	3
anti-CAR	3
anti-Pdx1	3
brucei	3
myosin	3
36	3
1/2	3
OmpA	3
PrP	3
VP1	3
CSP	3
confocal	3
hybridomas	3
SOX9	3
CP13	3
S6K	3
anti-Twist	3
FNR	3
iNOS	3
12/101	3
anti-Iba1	3
anti-Islet-1	3
BrdU	3
JCV	3
HSPB1	3
anti-insulin	3
LRPPRC	3
anti-L-plastin	3
B5	3
B1	3
anti-F	3
anti-TY	3
SCP3	3
SACRI	3
HSPA5	2
advices	2
GTPCH	2
cytochrome	2
H1t	2
VP19C	2
Mad2	2
GAP45	2
10H	2
TTP	2
cytokines	2
Gr-1	2
presenilin	2
anti-IL-17	2
anti-coilin	2
OX40	2
anti-CD31	2
anti-IpaB	2
NPHP4	2
anti-histone	2
Als3	2
12G10	2
CT2	2
anti-CXCL10	2
anti-Rfa1	2
Pdx1	2
ORC	2
GFAP	2
HCMV	2
CD45	2
9A2	2
L2	2
MCT2	2
anti-Drosophila	2
anti-Eve	2
2A8	2
SSEA-1	2
RG-1	2
H3K27me3	2
L8C4	2
anti-adenoviral	2
anti-Dnmt2	2
anti-BclA	2
SP-D	2
SP-C	2
anti-Gli2	2
anti-trebananib	2
CbpA	2
Lamp1	2
anti-FoxJ1	2
anti-Rab	2
H3K9me	2
Notch2	2
anti-LMP1	2
anti-p45	2
x003c3	2
P2X7	2
phosphorylase	2
anti-SUMO	2
Cx43	2
anti-nucleoprotein	2
FK2	2
anti-Kar2	2
GTPase	2
MANDAG2	2
anti-Pax7	2
FACS	2
CD31	2
anti-CXCR7	2
H4B4	2
Tim23	2
MuSK	2
anti-ISG15	2
OMP	2
anti-MBP	2
PHOL	2
isoform-specific	2
anti-TrkA	2
PAX6	2
CYP2E1	2
PGL-1	2
anti-nephrin	2
KMX	2
C3	2
4A6	2
anti-BrdU	2
DET3	2
acetylation	2
4D2	2
ATG8	2
ZO-1	2
L1C6	2
-DISC1	2
x003bb	2
-toxin	2
anti-Ago2	2
anti-Vpr	2
HCA2	2
CD20	2
dFoxO	2
LRRK2	2
anti-PSA-NCAM	2
anti-MP-12	2
fly-stock	2
anti-Brucella	2
H5	2
anti-cIAP1	2
dehydrogenase	2
anti-cruzipain	2
anti-ganglioside	2
anti-FasII	2
EM48	2
Orr-Weaver	2
anti-Nestin	2
anti-LC3	2
phospho-KGB-1	2
Vangl2	2
anti-NSs	2
anti-FLAG	2
anti-VII	2
ELISAs	2
VSV	2
anti-NS2	2
CRALBP	2
stainings	2
anti-PA	2
anti-Pc	2
P450scc	2
PCR	2
purifications	2
catarrhalis	2
anti-PGL-1	2
AKT	2
APOBEC3G	2
p63	2
CT15	2
A1CT	2
sigma-1	2
anti-Relish	2
MMP-28	2
endomucin	2
EEA1	2
Rat-401	2
scFv	2
coli	2
-gal	2
anti-SR-BI	2
4F2	2
anti-CASZ1	2
A/C	2
A/B	2
CXCR4	2
IL-10	2
gondii	2
vGlut	2
anti-A27	2
ChAT	2
B19	2
PBGD	2
MPI-CBG	2
ATR	2
1a	2
IncA	2
Dcp1a	2
anti-Pax6	2
19	2
mycobacterial	2
talin	2
anti-rhodopsin	2
anti-RyR2	2
2G12	2
pMad	2
HSD	2
RII	2
TRPV1	2
YB-1	2
Cy3	2
C167	2
anti-Hes1	2
F4/80	2
anti-Hrs	2
anti-HES1	2
TRAIL-receptor	2
anti-RVFV	2
9D4	2
anti-Plk4	2
anti-EpCAM	2
anti-CD6	2
anti-CD9	2
GlcNAc6ST-2	2
I4	2
13C4	2
NS2	2
NS3	2
SEDI	2
HIF-1	2
anti-IL-6	2
anti-TGG1	2
M6PR	2
Zic2	2
anti-H1t	2
Bazett-Jones	2
anti-CHIKV	2
anti-LAP2alpha	2
TFEB	2
H+-ATPase	2
LMX1A	2
anti-OMPs	2
CGI-58	2
hnRNP	2
ML13	2
2E2A6	2
anti-capsid	2
-actinin	2
anti-DCR-1	2
x0201c	2
phyB	2
phyA	2
SIV	2
SAG1	2
GAD-6	2
ninein	2
IIH6	2
MLL1	2
RpoA	2
BCRP	2
HCV	2
IAPP	2
anti-CPA	2
mucin	2
4A1	2
anti-Tub2	2
Diap1	2
axonin1	2
anti-UIS4	2
synapsin	2
anti-Tbr2	2
S100A9	2
Ago2	2
BIG2	2
ASY1	2
immunostaining	2
CXCR7	2
anti-dPABP	2
anti-ZO-1	2
utrophin	2
IL-17A	2
IL-6	2
23	2
LaVail	2
nephrin	2
anti-plasmepsin	2
2C	2
ATP7A	2
2F11	2
E7	2
E6	2
anti-nucleosome	2
anti-OPN	2
NG2	2
intimin	2
UTX	2
IB	2
anti-SUMO1	2
anti-integrin	2
anti-LAMP1	2
VRC01	2
glutamate	2
lectin	2
anti-CENP-C	2
Ki67	2
15B3	2
CD11b	2
Isl1/2	2
AQP1	2
Sox2	2
transferrin	2
anti-PARP-1	2
CED-9	2
anti-Bmi1	2
McLauchlan	2
anti-GST	2
83A25	2
enolase	2
IgG1	2
anti-GCNA1	2
FGF23	2
anti-IDE	2
CD8	2
1D9	2
22C11	2
anti-FLIP	2
Rad53	2
Rad51	2
anti-KSRP	2
DNAs	2
isotype	2
anti-CAIX	2
SseB	2
anti-lamin	2
anti-DPD	2
anti-SYNORF1	2
-SMA	2
F59	2
V-ATPase	2
SERA5	2
Cdc7	2
anti-arrestin	2
SoxE	2
anti-APP	2
ankyrin	2
Runx2	2
synaptotagmin	2
CD14	2
eIF4G	2
anti-TDP-43	2
anti-Islet1	2
HORMAD1	2
anti-Bcl-xL	2
RanBP2	2
TRPV4	2
anti-Arp3	2
yoelii	2
Tbr1	2
Tbr2	2
Dlk1	2
anti-Olig2	2
HSP90	2
CB1	2
glycoproteins	2
anti-Gas1p	2
CT-395	2
anti-HIM-3	2
CK19	2
prestin	2
Chx10	2
MVH	2
Cx35-specific	2
HSP70	2
dS6K	2
anti-MIP	2
aliquots	2
anti-Nef	2
crassa	2
anti-Panx1	2
anti-Gag	2
filamin	2
12F10	2
histolytica	2
Six4	2
anti-Opa	2
anti-Opc	2
anti-SYCP3	2
PKR	2
LBPA	2
RHDV	2
anti-V3	2
anti-VP	2
RNase	2
Rab5	2
PDX1	2
GLUT4	2
LRAT	2
DlaT	2
L-Plastin	2
LAMP1	2
Sup35	2
KH	2
RAD51	2
anti-phosphorylated	2
synthase	2
KMX-1	2
CR-50	2
anti-uPAR	2
high-throughput	2
anti-MUC1	2
anti-GR	2
NP155	2
12C5	2
melanopsin	2
TSHB	2
p27	2
anti-UV	2
anti-CCR5	2
P1	2
Rnq1	2
anti-FOXL2	2
Gonzalez-Gaitan	2
CCR5	2
SapM	2
anti-CCP	2
Cep192	2
48d	2
ICSM18	2
RpoS	2
agalsidase-	2
anti-MAPK	2
Endo180	2
R1	2
HIM-8	2
MBP	2
cGMP	2
MC-1	2
LPS	2
anti-GM2	2
hAgo2	2
anti-Cid	2
anti-ataxin-3	2
KatG	2
anti-FXR1P	2
RD21	2
anti-DNMT3L	2
fibrillin-1	2
anti-Sp100	2
anti-calnexin	2
Kap121	2
anti-Sens	2
Rab7	2
HEXIM1	2
aconitase	2
BAT3	2
RPE65	2
anti-EGFR	2
anti-EGFP	2
HlyA	2
midkine	2
PML	2
anti-PDX1	2
x0201d	2
FAAH	2
myc	2
Sir3	2
anti-hnRNP	2
dFOXO	2
LANT6	1
-H2AV	1
HOIL-1	1
VSVG	1
PTPMEG	1
BVDV	1
anti-PKA-C	1
tau-specific	1
FHCRC	1
Plaza-Menacho	1
Cicin-Sain	1
Shank1	1
endoglin	1
G4	1
ZnT-3	1
PSD-95	1
anti-V5	1
Syt2	1
G9	1
CRBM	1
matrin	1
5-HT2CR	1
NP28-2B	1
anti-p78MX1	1
UT-A1	1
TPPP/P25	1
MGAWN1	1
TCOF1	1
8G8	1
lactoferrin	1
CGAP1	1
anti-MVH	1
anti-nucleolar	1
SufI	1
MUC7	1
DARPP-32	1
anti-CD11a	1
MUC4	1
anti-spin	1
EBOV	1
pSV40	1
TRC105	1
anti-Cdc10p	1
anti-GPNMB/OA	1
monocyte	1
anti-ferrochelatase	1
TIP60	1
APP-CT15/CT20	1
anti-HCP-4	1
Mechta-Grigoriou	1
TR-FRET	1
DDP1	1
anti-Trio	1
6A11	1
anti-JEV	1
anti-noggin	1
Tat-1	1
MAK	1
295	1
p-Src	1
TrCP	1
NSL3	1
anti-Abca1	1
MA18/7	1
ITGA3	1
Prp38	1
anti-hsp70	1
anti-Hrr25	1
Hbl-L2	1
A56	1
periodontitis	1
AhRR	1
anti-VDIPEN	1
anti-En	1
Pfhsp70	1
Nbp35	1
10B	1
anti-stonin2	1
anti-AtSUN1	1
caspase-3	1
IgD	1
nez	1
IgA	1
preplating	1
MCT-1	1
Sm16	1
ROP5	1
anti-P-APP	1
anti-PetD	1
centrin	1
inhibin	1
-Mir	1
ascites	1
C595	1
anti-Etr1p	1
anti-VGlut2	1
F99	1
anti-SEL1L	1
Ck4515	1
VL4	1
affinity-purified	1
glycodelin	1
MDP-1	1
PIIANP	1
SOD-2	1
EBA-175	1
BF-35	1
BC1	1
anti-Slf1p	1
anti-RAGE	1
Fatp4	1
SPR	1
donators	1
PfEMP1	1
Sulf-1	1
anti-PLD	1
PDX-1	1
anti-LptA	1
anti-LptB	1
CTD	1
HPIV2	1
anti-PLP	1
WAVE1	1
anti-LPS	1
Nrp-1b	1
PAD1	1
l-plastin	1
anti-So	1
p67	1
anti-SpoIISA	1
perlecan	1
Neep21	1
F1G4	1
anti-hnRNP-K	1
anti-proNGF	1
18/7	1
anti-CD18	1
anti-Coq5p	1
anti-MARCO	1
HMW-MAA	1
anti-Rad51	1
98	1
real-time	1
90	1
carboxymethyllysine	1
Dbx1	1
protein-C	1
anti-SF1	1
A/WSN/33	1
1999	1
anti-ROP18	1
SPP1	1
Cx35/36	1
Hes7	1
K118	1
52242	1
anti-TNSALP	1
ferroportin	1
pSmad	1
DPP	1
CAL1	1
Imp8	1
full-length	1
Jarid2	1
anti-MSL-1	1
anti-SMase	1
Snf5	1
anti-PORIN	1
IIb	1
non-commercial	1
CF2	1
anti-C38	1
594-Phalloidin	1
Nectin-1	1
anti-Pfs25	1
AbD	1
HD-121	1
STN7	1
LM	1
TPH-2	1
PepSet	1
anti-TPD52	1
anti-uroplakin	1
GCDH	1
env	1
MNDA	1
anti-D2R	1
MUC1	1
CLDN12	1
anti-gG2	1
nuclease	1
PEPCK	1
E-Cadherin	1
MTS-15	1
coilin	1
Ab5	1
anti-pan-UP	1
anti-rat-elav	1
tularensis	1
acetylated-lysine	1
anti-Tip60	1
anti-TasA	1
Rh3	1
-MSH	1
Anti-PilQ	1
BGLF5	1
anti-RSPO1	1
U2AF38	1
III-tubulin	1
HP2	1
anti-E-cadherin	1
g12	1
MRLC	1
XKID	1
anti-biglycan	1
anti-Ago	1
RBP4	1
anti-MFG-E8	1
anti-Atp2	1
AAV5	1
cytometry	1
SopB	1
anti-NFATc1	1
Set7	1
N-CEACAM-Fc	1
anti-Rec30	1
anti-IRF-7	1
-IpaC	1
anti-LAP2	1
Nkx6-2	1
GLUT9a/b	1
subunit-specific	1
PRA	1
anti-SC35	1
antibody-coated	1
MR4	1
Oliver-Jones	1
GFP-specific	1
anti-Dlx1/2	1
TolC	1
Cad3	1
-TAT1	1
anti-RLC	1
-Gal	1
TGN1412	1
anti-ACIII	1
anti-phospho-paxillin	1
anti-ROD	1
USMRIID	1
H3K27me1	1
Brf2	1
SA1	1
PSU	1
PR8	1
THOC5	1
anti-TAF3	1
anti-KIS-L	1
DBA	1
4D7	1
aeruginosa	1
K1	1
hemagglutination-inhibition	1
amoebapore	1
APN	1
dNedd4Lo	1
ConT2	1
XQ1	1
anti-SUMO2/3	1
amyloid-conformational	1
gene-targeted	1
anti-TFAM	1
anti-Homer	1
MSL1	1
isotype-specific	1
MEM-150	1
SAA3	1
-H2A	1
H3/K9diMe	1
MED7	1
RNAi	1
PINK1	1
399	1
Sosa-Pineda	1
anti-GAF	1
BZLF1	1
anti-VSG221	1
LHCGR	1
K8	1
amblyommii	1
anti-Dilp2	1
recognising	1
phospho-Smad3	1
M8	1
anti-YopE	1
rg	1
H3-3mK27	1
GLUT1	1
anti-YopM	1
GIRK2	1
TolAIII	1
anti-Ptgr1	1
anti-3Dpol	1
anti-V	1
Id3	1
MRE11	1
aggrecan	1
WC-2	1
anti-Gli3	1
anti-rotavirus	1
x0003b	1
TK1	1
KB-C2	1
7E8	1
anti-N	1
TIMP	1
BTV	1
SSX	1
anti-Vmat2	1
HSV-TK	1
LpqH	1
HSV-1	1
muridarum	1
HSV-2	1
10B6	1
Pou5f1	1
PTOX	1
PPO1	1
PAR-5	1
PPO2	1
PAR-3	1
SSB	1
anti-Eyg	1
anti-SREBP	1
GABAAR-specific	1
Acetyl-H4	1
c-specific	1
vitro	1
TEX12	1
BEI	1
4-39-cc	1
wild-type	1
radiolabelled	1
H3N2	1
anti-ZnT8	1
anti-Dido	1
anti-FoxP3	1
anti-MLC/phospho-MLC	1
Bo-18	1
L1_ORF1	1
DNMT3L	1
Mer590	1
MyHC	1
glucocorticoid	1
BB7	1
anti-p40	1
anti-hS100A8	1
Spt4	1
SeV	1
CLIC4	1
anti-BilRI	1
NLGN2	1
m157	1
LIN28	1
SSEA4	1
17b	1
PYR1	1
ganglioside	1
HER3	1
anti-Dl	1
anti-LIP-1	1
anti-her2	1
5mC	1
HER2	1
anti-Dg	1
anti-AKH	1
A2CT	1
x003c1	1
x003c4	1
K-RTA	1
anti-CAXII	1
anti-MSY2	1
anti-LAP	1
anti-MyHCemb	1
anti-profilin-1	1
Dmrta2	1
anti-PfBiP	1
anti-CD24	1
TIP-1	1
anti-CD20	1
anti-DPP6	1
D'Adda	1
anti-Otx	1
titration	1
Alr1	1
BRFAA	1
anti-Pro-SP-C	1
RAD21L	1
MuRF-1	1
E16	1
12G8	1
Anti-CPB	1
A311	1
XAP2	1
anti-Otd	1
anti-Deadpan	1
LAMP-1	1
V1A	1
Pfs39	1
FtsZ	1
Snail1	1
anti-Lbx1	1
ATN-617	1
ICT	1
10084	1
anti-epsilon	1
dNlp	1
anti-MxA	1
AccessThis	1
anti-myosin7a	1
WSP	1
reactivity	1
anti-circumsporozoite	1
VHSV	1
Thr1493	1
POF	1
anti-FoxD3	1
anti-NAD9	1
SULT2A1	1
anti-Cytb2	1
anti-TbVP1	1
cone-arrestin	1
VH	1
sAC	1
m346	1
anti-IREG1	1
vRNP	1
anti-CCMV	1
anillin	1
OLA1	1
PSA-NCAM	1
anti-mouse-CD1d	1
anti-NCK	1
anti-myogenic	1
SYNORF-1	1
anti-neutrophil	1
G9a	1
HJ16	1
anti-LCAD	1
antibody-related	1
V14	1
anti-MUC10	1
Satb2	1
anti-sec16	1
E1A	1
anti-dMRG15	1
Oulad-Abdelghani	1
RIP-deficient	1
2-48	1
Olig-2	1
EphA2-antibody	1
CD33	1
anti-DopR	1
IH4	1
-hydrogenase	1
anti-SLAMs	1
anti-epimerase	1
anti-RANK	1
PAG	1
Sm31	1
kallikrein	1
FXYD3	1
N-Cadherin	1
735	1
Flotillin-1	1
anti-H-ras	1
caspr	1
anti-VSV	1
anti-MspA	1
electrophoresis	1
anti-ITP	1
LIN-41	1
anti-PGRS	1
occludin	1
anti-FTF	1
HS4C3	1
pCHK1	1
KA	1
anti-ribosome	1
glycoforms	1
PER2	1
anti-AMH	1
Nox4	1
SGLT1	1
ACAP-27	1
ISD11	1
dp	1
anti-NKCC1	1
anti-transportin-1	1
Z1	1
anti-TDG	1
CK7	1
Drosophila-STAT	1
UL44	1
3C5	1
anti-MMP10	1
RanGap-1	1
FLCs	1
anti-P2Y2	1
CagY	1
AEP	1
PDE-5	1
antibody-linker	1
anti-cystatin	1
5E11	1
L15	1
beta-Tubulin	1
CAp24	1
L11	1
-PfBip	1
anti-gD	1
anti-4-1BB	1
PS2	1
anti-LYL1	1
PS1	1
MadL1antibody	1
anti-gH	1
AC17	1
NMDAR	1
RHO-1	1
SRSF1	1
C2orf62	1
Sdc1	1
beta-tubulin	1
S100A14	1
Lig4	1
anti-PSD	1
phosphoantibody	1
LCMV	1
anti-EspB	1
single-domain	1
4F3H2	1
LF-41	1
JIM13	1
HO-1	1
mtSSB1	1
ZEB1	1
anti-PLD2	1
anti-RBF2	1
Anti-BIP	1
-TrxA	1
anti-Grg6	1
L1a	1
lipase	1
anti-EBNA-3	1
Gp-FAR-1	1
agonist	1
anti-oxytocin	1
SERCA2a	1
NANOS2	1
pSmad2	1
anti-Prospero	1
IM-7	1
-dystroglycan	1
GABA	1
anti-c-Myc	1
anti-c-Myb	1
pan-uroplakin	1
BAG1	1
Jean-David	1
anti-SMA	1
ACCO	1
ADAMTS13	1
anti-RAD21	1
7D4	1
anti-BicD	1
22734	1
SYP41	1
CT33	1
anti-REC-8	1
aPEP-8	1
anti-HOT1	1
hTERT	1
versican	1
rad23	1
8E5	1
anti-CS	1
S12	1
GPNMB	1
anti-	1
GRK	1
cM-807	1
C8	1
10E4	1
10E7	1
anti-PFOR	1
anti-CA	1
CRACC	1
C4	1
CD46/isotype	1
anti-IL-32	1
TrkC	1
anti-Gurken	1
-KtrE	1
anti-C3	1
UreB-specific	1
anti-Helios	1
anti-MBP2	1
BsloC	1
SRY	1
anti-E2A-72K	1
MR1	1
PfClag	1
anti-IGF-RI	1
NMR	1
pikachurin	1
LHCBII	1
anti-myc	1
PABPC	1
anti-mOR-EG	1
McKearin	1
NMO	1
BC6	1
anti-p73	1
PRRSV	1
EcR	1
anti-HCN4	1
K1A-antibody	1
supernatants	1
MreC	1
Islet-1	1
-mIL-6R	1
anti-PTTG	1
p130Cas	1
MAP24	1
AQP1a1	1
plzf1	1
TIA-1	1
desmosomal	1
CVH	1
HRB87F	1
FHV	1
PEX14	1
c-Jun	1
planthopper	1
GW182	1
anti-WRN	1
VEGFR-3	1
P2Y1	1
FasII	1
anti-DDX4	1
PAb1620	1
SLRP	1
H36	1
VGLUTs	1
anti-DsxM	1
anti-NF165kD	1
anti-TSSA	1
DILP2	1
SPINK2	1
GmbH	1
anti-Raldh2	1
TFF-2	1
Suz-12-specific	1
anti-CRTH2	1
Kerr-Conte	1
CD25	1
E9E10	1
anti-Efb	1
FE-A5	1
IE180-specific	1
p22phox	1
anti-DMef2	1
anti-capsular	1
EBF	1
sucrase-isomaltase	1
anti-desmin	1
anti-NSE4b	1
STRA8	1
phospho-HSL	1
CTB-ST	1
anti-CP110	1
EBV	1
anti-ZIP3	1
pan-SV2	1
FMRP	1
anti-FoxE3	1
x003bd	1
anti-NCK2	1
CEVAC	1
phospho-ATM	1
ABHD15	1
CCR2	1
anti-Caspr2	1
anti-glycogen	1
anti-SigA	1
anti-PopB	1
anti-Barren	1
anti-AOC3	1
1H8	1
R418	1
PLIN2	1
caveolin-1	1
anti-PdpC	1
anti-Merlin	1
Noc2	1
V61	1
FATP1	1
mTOR	1
FVIIa	1
P3	1
Hoxc8	1
CCR10	1
Jmjd6	1
anti-Myc	1
aldolase	1
monospecific	1
anti-MIWI2	1
anti-Toc159-2	1
anti-Np95	1
H3K9-specific	1
anti-LDH2	1
anti-LytM	1
2-tubulin	1
OATP	1
CCRC-M1	1
Gli3-190	1
Myosin-VIIa	1
anti-Sox10	1
anti-NdhJ	1
MOv19	1
ACSL4	1
prx1	1
EGFL7	1
anti-DENV	1
p-c-Jun	1
RABD	1
SGO2	1
Prominin-1	1
-toxin-specific	1
HBV-specific	1
AaSPVI	1
SBEM	1
anti-Swi6p	1
subtilis	1
anti-SRY	1
HW	1
J3B11	1
GAD1	1
CD150	1
micronemal	1
anti-Cx45	1
protective-antibody	1
GRASP-1	1
anti-Ubx	1
anti-CII	1
204	1
anti-Tim-4	1
SCL	1
3B1	1
anti-Tim-1	1
PB2	1
CHD8	1
3B9	1
CK-19	1
2E11	1
-sarcin	1
anti-stomatin	1
NPC2	1
NPC1	1
Mo-MuLV	1
cnn	1
anti-P2X7	1
p15INK4b	1
anti-huIL-11	1
anti-gp135	1
FoxP2	1
anti-Actin	1
MH25	1
NF-E4	1
anti-RanGAP1	1
ZIRC	1
mH2A	1
VacA	1
L19-SIP	1
N803-OH	1
AMPK	1
ABCG2	1
anti-PSPl	1
LRIG3	1
p-JNK	1
H2	1
AVP	1
UAS-Spn27A	1
H4	1
H+	1
SLO	1
TbBiP	1
anti-5-HT2A	1
AGO1	1
isoform	1
anti-Rv1698	1
leptin	1
NC82	1
anti-ecdysone	1
artemisinin	1
Sod1	1
anti-GPR17	1
thiolase	1
anti-TIGIT	1
anti-TACO	1
SUK	1
142	1
CPSF100	1
TopI	1
mdg4	1
beta-giardin	1
anti-NF-YA	1
anti-MSH4	1
USOD	1
Alk-1	1
M38	1
anti-Mts2	1
R2376	1
brevican	1
Dab-1	1
anti-SPRY2-C	1
anti-LIMK2	1
anti-BubR1	1
anti-Nedd4-2	1
F-95	1
UAF-1	1
PAT1	1
-arrestin	1
TonB	1
KLK13	1
VGLUT	1
CD248/endosialin	1
ERD2	1
immunofluorscent	1
anti-Thy-1	1
GGA2	1
x0005d	1
rituximab	1
4D1/C2	1
synaptophysin	1
HU	1
PfRON2	1
endosialin	1
MP6	1
anti-HIV	1
parkin	1
high-quality	1
anti-MCH	1
arginylated	1
cross-reactive	1
Deckers-Hebestreit	1
anti-BUB-1	1
anti-StyR	1
Alvarez-Buylla	1
optimisation	1
specificities	1
phosphor-Erk	1
anti-PYY	1
anti-KMT2D	1
anti-IL-22	1
Pns7	1
Id4	1
TFF2	1
''	1
GLH-1	1
DSP1	1
anti-AGR-1	1
Ag85B	1
Nrp2	1
RVFV	1
anti-UCP1	1
anti-E2F1	1
G6Pase	1
5H10	1
TREK-1	1
anti-HDEL	1
J591	1
MP20	1
anti-p65	1
LF-99	1
ant-Mvh	1
mAPC	1
H-2Kb	1
Rex1	1
anti-Eg5	1
anti-BES1	1
hN1	1
vGluT2	1
anti-ACE	1
anti-UNF	1
anti-Espin	1
anti-ISWI	1
anti-DIAP1	1
anti-IP3R	1
CHD4	1
NF-YB	1
647-conjugated	1
DBX1	1
anti-DENV3	1
anti-CD45	1
anti-CD46	1
CPEB	1
anti-CD40	1
anti-NS3	1
anti-Lamin	1
muscarinic	1
XKlp1	1
calnexin	1
ATF4	1
-enolase	1
Nsbp1	1
anti-PP13	1
-Tubulin	1
IscS	1
anti-TbPPDK	1
anti-DRP2	1
Tbr-1	1
Oligo2	1
28G2	1
anti-Ctf19	1
anti-endosialin/CD248	1
MAHRP2	1
PfPfSUB1	1
Smad3-antibody	1
anti-phage	1
anti-P3	1
anti-P0	1
anti-ABCA1	1
SDF1	1
anti-KasB/KasB	1
pFNBA4	1
anti-Dicer	1
Sec61p	1
Wylie-Heasman	1
VSG117	1
pex14p	1
anti-Bsep	1
anti-Nanog	1
elav	1
Nogo-A	1
anti-Emp47	1
IGF1R	1
anti-Siglec	1
Ad4BP/Sf1	1
anti-OmpU	1
anti-TbVDAC	1
REC-8	1
anti-PE	1
FIH	1
anti-PCFT/HCP1	1
anti-FAS	1
anti-PIA	1
anti-PM	1
H2AX	1
rNTS-DBL1	1
anti-Perlecan	1
cdc25B	1
anti-COR1	1
anti-keratocan	1
MC-480/SSEA1	1
Chz1	1
p450scc	1
anti-CLIP170	1
anti-SMEDWI	1
VP-60	1
CMM	1
Nup358	1
anti-Cld4	1
HYOU1	1
SIRT1	1
anti-Sad1	1
2B10	1
VEGF	1
M2	1
CMV	1
Suv39h1/2	1
H3K4me3	1
H3K4me2	1
CD1c	1
OSW2	1
anti-HVEM	1
SipC	1
anti-PTX3	1
P11	1
AIIB2	1
VSX2	1
anti-NRF1	1
kisspeptin	1
QCPN	1
anti-Sap	1
-Syndecan-4	1
MAU2	1
anti-CG-NAP	1
M25	1
101F	1
anti-GEN1	1
anti-MyHC	1
M22	1
anti-polaris	1
plasmids/antibody/zebrafish	1
PEP8	1
anti-DC-Sign	1
IgG1k	1
Venkova-Canova	1
BMAL1	1
anti-Opr86	1
anti-diphteria	1
anti-Enhb-1	1
3E2	1
IpaB	1
PC2	1
Cpa1	1
3E8	1
anti-SEPT11	1
genetically-modified	1
T53-F1	1
mAb18b7	1
anti-Hsp90	1
Pak1	1
CM1	1
immnunostaining	1
Mdr1	1
HURP	1
anti-MsrA	1
ie-1	1
anti-NTPDase3	1
UD1	1
post-humus	1
AHA2	1
1st	1
CXCR4-specific	1
6F4	1
PB1-F2	1
MSL-1	1
anti-IFNAR1	1
anti-MR1	1
Anti-MUC1	1
GM62116	1
anti-Cabp5	1
anti-LRP6	1
BSI	1
ATOH1	1
D5-IgG1	1
anti-ZnT-3	1
NUIG	1
anti-Zfh-1	1
anti-Lhx2	1
TIF-IA	1
anti-Lhx8	1
anti-LepA	1
Cabp5	1
PfACP	1
anti-HMG2A	1
ovine	1
anti-SSB	1
MHC-I	1
anti-Dll	1
anti-Gad65/67	1
T49	1
TPCN1	1
SARM	1
CP110	1
EMX2	1
-Ptf1a	1
extracellular	1
anti-HBD2	1
anti-En/Inv	1
Kv11	1
Zip1	1
-VP16	1
anti-Hac1	1
P66	1
anti-hnRNPC	1
glucans	1
pimonidazole-antibody	1
DHFR	1
CC2C6	1
burgdorferi	1
MH33	1
E1E6	1
anti-MLH3	1
VPg	1
anti-UBXD1	1
MLKL	1
NrxIV	1
GIPR	1
uPARAP	1
lipoproteins	1
MMP-20	1
PrP-specific	1
anti-TgPLP1	1
Bestrophin-1	1
MDCK	1
ckers	1
trypanothione	1
anti-ATOH1	1
fpr	1
anti-SQV-8	1
His-SidC	1
anti-Igf2r	1
LIN9	1
anti-odin	1
PPRV	1
P450c17	1
VP3	1
7Fb	1
CHL27/CRD	1
C-Ter	1
Muller-Taubenberger	1
ACBP	1
dTIS11	1
ATL-1	1
anticapsular	1
anti-LmjNMT	1
G130	1
sp	1
SMC1/SMC3	1
Hsp67Bc	1
HS1	1
CCM1	1
NCLX	1
EGFR	1
mmerling	1
Cdh10	1
Rpd3	1
VBASE2	1
Rad23	1
anti-SCD5	1
anti-OprN	1
anti-FSP-1	1
mMHC-B	1
anti-Sup45	1
TbH	1
anti-atg5	1
MTF-N	1
DMT1	1
malondialdehyde-acetaldehyde	1
ApoB	1
KZ52	1
anti-polymer	1
anti-carbonyl	1
anti-KSHV	1
MPH1	1
ComP	1
RJ	1
R5	1
anti-IER3	1
osteocalcin	1
R3	1
MOAB2	1
anti-CD61	1
1B5	1
VHA-5	1
anti-TaSP	1
NC1	1
RME-2	1
RME-1	1
PfGAP45	1
syncytin-1	1
MIC2	1
1B10	1
Lykke-Andersen	1
anti-IGFBP6	1
mHes1	1
ZHP-3	1
RHA	1
anti-MOR256-17	1
SPT5	1
anti-centrin	1
anti-ELP3	1
anti-BSF	1
LhcSR	1
BuGR	1
anti-BSA	1
GPa	1
DUOX	1
anti-VapBC-2	1
KIM127	1
anti-CRMP4b	1
anti-H2Av	1
gp63	1
Lef1	1
anti-hnRNP-C1	1
anti-SmATPDase1	1
AGO-1	1
anti-opsin	1
anti-BvgS	1
CEACAM1	1
anti-IFITM3	1
CD44	1
anti-Pfs25-antibody	1
PsaA/B	1
SUMO-2/3	1
NDPK	1
anti-VSRAt	1
PPc6N	1
OXT	1
anti-Emi1	1
MPK6	1
LAIR-2	1
CLK-2	1
Tbx5	1
anti-Cap-D2	1
centrosomal	1
SV40	1
anti-PGC7	1
PilA	1
NK3R	1
anti-R7BP	1
anti-lixisenatide	1
anti-Caspr	1
Anti-SigA	1
HPL-1/-2	1
UH1	1
HPV31	1
anti-VP1	1
HLA-antibody	1
LIS1	1
anti-TbBILBO1	1
anti-MSP	1
1A	1
1B	1
anti-L1-ORF2	1
PP2Ac-m	1
anti-ESAT-6	1
BRIP1	1
hS100A15	1
ISG	1
Atg8a	1
FLT1	1
anti-SSEA1	1
anti-phospho-NCC	1
PVX	1
Rabourdin-Combe	1
anti-M1G	1
anti-porin	1
IncD	1
L8	1
TaAsy1	1
pNR2C	1
anti-HSV-2	1
anti-synaptophysin	1
FANCL	1
flotillin-1	1
PVL	1
anti-ERAP1	1
antisyntaxin	1
Gucy2e	1
anti-PTB	1
fluorochrome-conjugated	1
PBP4	1
CARM1	1
Pax5	1
anti-HMGCR	1
Pax1	1
anti-macroH2A1	1
cathepsins	1
anti-DET3	1
SYCP3	1
CLR	1
11	1
10	1
13	1
Pitx1	1
14	1
17	1
anti-Cox2p	1
anti-Sbi	1
oligonucleotides	1
anti-PfHU	1
CDK1	1
AT4	1
Ate1	1
LCMV-NP	1
sera	1
p-AKT	1
anti-Aco1	1
anti-NaPi-2c	1
TROMA	1
anti-MG-H1	1
anti-Reg-1	1
anti-9G8	1
floxed	1
anti-EBV	1
anti-sTn	1
Rh4	1
Golgin-97	1
TDP-43	1
Dab1	1
anti-ModC	1
ataxin-3	1
caninum	1
GCNA1	1
T56-phosphorylated	1
anti-GITR	1
V0d	1
SUN2	1
DAZL	1
3-tubulin	1
AntibodyX	1
110430/31/32	1
MGF/EB	1
Huck-Hui	1
Cdh1	1
anti-phospho-CagA	1
Gcna1	1
PACSIN1	1
VirB6	1
TG3	1
anti-domain	1
RING1B	1
TRAIL-R	1
COPI	1
Crumbs2b	1
anti-SCP3	1
UNC-29	1
H4A3	1
anti-Mage	1
S27	1
anti-Foxd3	1
DIAP1	1
Tom40	1
anti-profilin	1
Myh3	1
UKHC	1
PFR2	1
-GST	1
RDL	1
GT335	1
anti-PEP	1
anti-EphA4	1
haemoglobins	1
H1T2	1
10F7	1
anti-FLCs	1
Jia-Yi	1
EGF-antibody	1
Rab5A	1
WB	1
anti-MSRO	1
neuroglian	1
anti-Npc2	1
SIVMAC	1
anti-mopB	1
HSF4	1
MAbAC	1
LSD1	1
p24gag	1
CRTR-1	1
anti-SINV	1
FoxN1	1
Pdd1p	1
FTZC	1
BCBC	1
HSC	1
CNGB1	1
JESEBL	1
42	1
anti-h/rCRF	1
anti-Irga6	1
MARCKS	1
Csl4	1
anti-cp5	1
Anti-PSA	1
anti-gp52/36	1
SETDB1	1
CIP2A	1
ETH-2	1
HGN194	1
proMMP-1	1
anti-CDH23	1
CC-10	1
p97	1
pan-AGO	1
-Sox3C	1
Roche/Thrombogenics	1
MIF	1
anti-Synapsin	1
-CheA	1
pyogenes	1
glutathione	1
TRAIL-receptors	1
4G8	1
anti-HIS	1
EB165	1
DCX	1
anti-TIP30	1
Fy6	1
AM3-A	1
P-S2016	1
anti-lysozyme	1
Am5-HT2	1
RGR	1
anti-FUT8	1
xCT	1
antibody/antigen	1
DUOX2	1
alloantibody	1
NOG1	1
USAMRIID	1
anti-AAV9	1
anti-MeiS332	1
Acm1	1
anti-TceIF2	1
anti-TgIMC3	1
anti-Kaiso	1
anti-NaPi-2a	1
Kong/156/97	1
4-hydroxynonenal	1
anti-A3G	1
anti-NG2	1
anti-DmVasa	1
IL-23	1
Onecut2	1
Anti-APOBEC3G-C	1
Smad-7	1
mDia3	1
anti-PFR1	1
KM694	1
NrdA	1
Nspc1	1
CLIMP-63	1
Cotl1/CPL	1
BRI	1
25	1
Nedd1	1
phospho-Ankrd2	1
PDP1	1
anti-PKG	1
mAb28-4	1
anti-GRK7	1
anti-hordein	1
xenoantibody/carbohydrate	1
anti-CagN	1
anti-fibrillarin	1
monoclonals	1
kinesin-1	1
anti-endomysial	1
PABP	1
cixutumumab	1
AI-077533	1
Anti-SseC	1
anti-IAM38	1
anti-NSP4	1
anti-ribosomal	1
anti-Slitrk6	1
anti-TGG2	1
phospho-TTP	1
TRIP230	1
backcrossing	1
anti-phyA	1
anti-ITGA3	1
HPH2	1
TAK1	1
-synuclein	1
anti-GLI3	1
SC-71	1
anti-PTOX1	1
anti-N-WASP	1
luciferase	1
batch-tested	1
Ezh2	1
UPF1	1
TgMLC1	1
UPF2	1
hNAP-1	1
anti-IL-23	1
II-116B3	1
ApoA1	1
amino	1
VPS45	1
MTIP	1
SIK3	1
ateIf6	1
RBMY	1
Golph3	1
anti-NheB	1
anti-R9AP	1
P38	1
BP1-Ab	1
anti-ORF59	1
Olig2	1
anti-IHF	1
anti-Hop1	1
parvum	1
Heinz-Peter	1
anti-B5R	1
BAK1-CT	1
anti-preS1	1
yeast-specific	1
anti-GP63	1
TFF1	1
Arr2	1
AE15	1
anti-SERA1	1
anti-laminin	1
HP1a	1
remyelination-promoting	1
anti-epimorphin	1
anti-Cdc19	1
6F	1
VA-18	1
anti-SidC	1
synthetase	1
SP-A	1
anti-HLAB/C	1
SIVnef	1
myofibrillar	1
pneumophila	1
YopD	1
immunodiagnosis	1
Msn2	1
Lmo7	1
anti-HIRA	1
catenin	1
topoisomerase	1
Npas4	1
Exp5	1
CLH	1
E/C8	1
mAb63-27	1
C17	1
antiCardicola	1
ubiquitin	1
anti-Nell2	1
YopK	1
immunocytochemical	1
Hmo1	1
SMEDWI-1	1
anti-Neph1	1
-Scr	1
Nup153	1
DMC1	1
anti-CVH	1
B496	1
Aqp2	1
vIRF-3	1
NSP2	1
anti-vasa	1
anti-DAP160	1
anti-contactin-2	1
anti-EsaR	1
antiganglioside	1
anti-GALC	1
NS4	1
Pax4	1
TCF-4	1
ESET	1
SAMHD1	1
CB1R	1
anti-CDH	1
5E1	1
nchez	1
MUC5A/C	1
anti-EBA175	1
DENV-1	1
anti-CDV	1
p58	1
anti-CRALBP	1
CIIC1	1
anti-MASP-2	1
UNC-17	1
Lrp1-antibody	1
anti-syntaxin13	1
1G4	1
TRBP	1
1G2	1
vitellogenin	1
EPM	1
anti-subunit	1
anti-Fox2p	1
CTRP	1
anti-MLP	1
YL	1
anti-PC1/3	1
anti-murine	1
anti-BMI1	1
RNAP-specific	1
CENP	1
anti-p24gag	1
SAHH	1
anti-Tjp3	1
VU17	1
Tbx6	1
RFP	1
anti-Npas4	1
DAX1/NR0B1	1
anti-Gas6	1
Ara/Caup	1
anti-Betaigh3	1
SOD1	1
CpnA	1
syncoilin	1
crystallins	1
serologic	1
anti-Mcd1	1
mini-antibodies	1
anti-M13	1
phospho-raptor	1
Tul4	1
AE1b	1
anti-Crb1	1
P-Smad-1/5	1
Slr1738	1
anti-MAN1B1	1
phospho-Ser403-p62	1
Abin2	1
hCG	1
CREB	1
hTAF4	1
p120-catenin	1
ROBO4	1
SC35M	1
anti-muh	1
CENP-A	1
MAGEC2	1
BRMS1	1
anti-XCP2	1
PAR1	1
anti-Swi6	1
4G10	1
TAP-1	1
epitope	1
anti-BciA	1
CYP17	1
anti-CxCR4	1
anti-ESCRT	1
NPM-mutant	1
CCR7	1
neurofilament	1
U1-70K	1
6687	1
Lim1/2	1
NOX2	1
anti-ste11	1
Glu-Tubulin	1
anti-CBX1	1
p73	1
AgriSera	1
Lhx3	1
cleaved-caspase	1
FcRn	1
anti-dCREB2	1
PfRab11A	1
SUR-8	1
API	1
anti-pS324/325	1
Muh-Hwa	1
anti-O2	1
zn-5	1
H53	1
DG52	1
anti-AphVIII	1
TRX	1
SREC-I	1
anti-Eb	1
anti-DPY7	1
SIK1	1
anti-RD21	1
MEI-S332	1
PfPMV	1
Trx-1	1
Mx1	1
DBT	1
NUP153	1
antineutrophil	1
H3K9me2	1
H3K9me3	1
anti-CD154	1
L2F1	1
anti-Mitofusin	1
aquaporin-0	1
gp41	1
protease	1
gp43	1
anti-HEXIM1	1
autophosphorylated	1
anti-p-hIRF7	1
CABD	1
TECs	1
mono-clonal	1
goat-a-Pdx1	1
anti-Shiga	1
9EG7	1
pMLC	1
ovipneumoniae	1
OCD4	1
anti-Pcdha	1
RD4	1
anti-3A10	1
anti-TEP1	1
Rad53p	1
Ect2	1
anti-LL-37	1
DMRT7	1
Foxe3	1
fibrillar	1
PlexA4	1
anti-MIC8	1
Ptf1a	1
LCMV-nucleoprotein	1
mOGG1	1
AdK	1
anti-tenascin	1
anti-VirB8	1
2D4	1
ICOS	1
2D1	1
N-	1
2D2	1
M-CPTI	1
758	1
Abp1	1
Celsr1	1
anti-mitoporin	1
dCK	1
MaMyoferlin	1
N1	1
pSMAD3	1
IC12	1
Pep7	1
Ct694	1
Fim2	1
datasets	1
Ring1B	1
TRPA1	1
anti-SB3	1
MgcRacGAP	1
side-blotched	1
AP194	1
anti-PDI	1
anti-Rhodopsin	1
pAt-153-Xho	1
anti-TOM20	1
-NR2A	1
subclasses	1
anti-CD25	1
felis	1
USF	1
Ser4	1
gp100	1
anti-TMPK	1
mycobacterium	1
-Ifitm3	1
PMVK	1
anti-LHRH	1
Cdx2	1
IK1	1
-PCDH	1
anti-VINCULIN	1
anti-Rheb	1
21-OH	1
melatonin	1
FAZ1	1
PfREX-1	1
ZNP-1	1
Rrp6	1
Aurora-B	1
MxiG	1
4G2	1
Jol-2	1
4-HNE	1
anti-Cut	1
anti-Pet100p	1
anti-PSPC1	1
D1bLIC	1
IV-spectrin	1
IC3	1
anti-WNV	1
anti-vaccinia	1
RP291	1
MAEBL	1
x02019	1
anti-ARX	1
TXNPx	1
anti-Dok1	1
anti-kinesin	1
RAD23	1
3H7	1
GluN2B/NR2B	1
perilipin	1
H-ATPase	1
FPI	1
McLoon	1
-mPax8-bIII	1
a5	1
Pma1	1
anti-Erv1	1
2SC	1
anti-Ldb1	1
m18	1
KCC4	1
anti-NapA	1
anti-MPP4	1
anti-C-terminus/APP	1
PD-1	1
PTPRK	1
-Drs2p	1
serotype	1
PFL	1
gastrin	1
PFR	1
anti-BORIS	1
anti-phosphacan	1
phospho-Rad53	1
NKI-L16	1
anti-ISL1	1
anti-phospho-Ser515-cPLA2	1
Ag43	1
Na+-K+-ATPase	1
-C	1
ED31	1
BP104	1
BP102	1
anti-MICB	1
AtIpk2	1
AccD6	1
-P	1
ptx	1
anti-nestin	1
vWF	1
REST/NRSF	1
MxA	1
MT3-MMP	1
Marie-Louise	1
NCAM	1
ggen	1
ALMS1	1
Act-1	1
anti-TbCytc	1
anti-Cenp-E	1
BtpA	1
IMGT	1
HDM2	1
anti-Knot	1
DL6	1
Ku80	1
anti-zfSpt5	1
1F9	1
NAP1	1
GIP	1
anti-EndoA	1
6B12	1
CPE	1
S46	1
anti-Bab2	1
anti-DNAI1	1
IL-10R	1
MUC19	1
M-J	1
MAb3-3	1
anti-Sin3A	1
SAF	1
NPM	1
p-S6	1
x000df	1
anti-Ail	1
SRS9/BRS4	1
anti-LdHGPRT	1
GSK3	1
FXR1P	1
VirB8	1
anti-PR-3	1
N1-17	1
pan-Sgg	1
COL5A1-18G5-antibody	1
anti-rim	1
anti-AE2	1
hydrolytic	1
LGR5	1
15-LOX-1	1
Anti-EGFR	1
anti-Kpp2-antibody	1
phospho-FIGQY	1
anti-NK	1
3G5	1
anti-Tsl	1
anti-Drk	1
anti-Ecd	1
anti-Tsr	1
EM10	1
GCTM2	1
CapG	1
EMCV	1
anti-LRAT	1
Anti-Olig2	1
OX-7	1
NF-	1
anti-p26	1
polycystin-2	1
Hu-E16	1
MECA79	1
FMR-1	1
NF1	1
Xrcc1	1
Fgfr2	1
Raynaud-Messina	1
HP-F1	1
anti-OAS	1
anti-tetherin	1
genotyping	1
anti-Scp3	1
KREPA1	1
anti-MMP	1
anti-huPAD4	1
HCA	1
anti-DHBc	1
HCI	1
acetyl-Pht1	1
anti-PD-1	1
anti-LAMC2	1
anti-dTH	1
anti-Cas	1
Yuh-Nung	1
Pastor-Pareja	1
Alox15	1
E-12	1
LHX9	1
2166	1
19C	1
anti-Tub4	1
anti-TbRab1	1
-pSmad	1
Arl2	1
vasopressin	1
antivimentin	1
S5	1
Arl6	1
anti-Dlx-2	1
anti-BRAFV600E	1
anti-CD206/Mannose	1
GUN4	1
LipL32	1
anti-Mdm12	1
p24CA	1
RibeyeA	1
LT6	1
SMC1	1
-PCMT1	1
EP	1
anti-PGL	1
R134d	1
anti-CstF-64	1
anti-synaptotagmin	1
Pdx1-antibodies	1
anti-Collier	1
anti-Pum	1
lunasin	1
anti-CNGA1	1
cMyBP-C-2-14aa	1
CLIP-170	1
anti-Esam1	1
anti-CD148	1
IFOM	1
NALP1	1
anti-Cep192	1
G19	1
fluorescently	1
Rad9	1
anti-MECP2	1
anti-agalsidase	1
anti-PIF-antibody	1
BRD-1	1
RGS9-1	1
syndapin	1
der	1
porin	1
HSP20	1
183-H12-5C	1
anti-cyclin	1
p190RhoGAP	1
rzburg	1
anti-IGF-II	1
hGBP1	1
anti-VP22	1
anti-Sstr3	1
anti-CaB5	1
Wisconsin-Madison	1
pCAG-GFP	1
GABAAR-beta3	1
myoblasts	1
Pfk1	1
IP3R1	1
anti-argpyrimidine	1
AP1S1	1
E2FA	1
anti-SCAMP2	1
anti-PfHsp70-1	1
SRIF	1
anti-KASH5	1
anti-H9N2	1
k-cyclin	1
anti-C5b9	1
-gp120	1
anti-tryparedoxin	1
anti-CD3	1
anti-RESA	1
anti-FOXG1	1
CXCR5	1
Smo-N	1
1E4	1
anti-kisspeptin	1
anti-ShcD	1
ICP27	1
cytokine	1
pFBM	1
m-calpain	1
FSP1	1
BAFF-R	1
Anti-FAN1	1
Hsp90beta	1
SPCSV	1
anti-CCR2	1
E2F1	1
anti-Pitx2	1
anti-GIT2-specific	1
RSB	1
Fox3p	1
vWF-pp	1
anti-GLEPP1	1
MAR-1	1
54-11-10	1
thaliana	1
WASp	1
phosphorylation-state-specific	1
anti-GLWamide	1
STRO-1	1
anti-GATA2	1
IL-9	1
EVA1C	1
IL-17F	1
SF1	1
immunisation	1
Mcm10	1
anti-Canarypox	1
LINC	1
LMP2A	1
Aco1p	1
anti-SYT	1
ADAMTS1	1
Pol2	1
LYVE-1	1
Cadherin-6	1
pendrin	1
3F10	1
pan-Ub	1
Hsp65	1
Rpc155	1
AOX	1
Rqh1	1
-Endorphin	1
anti-ZZ3	1
anti-APE1	1
anti-DdCP224	1
anti-D-beta-aspartic	1
anti-Chx10	1
2B	1
SF3b155	1
LacY	1
SEP3	1
64B4E	1
anti-PER1	1
anti-Syndecan3	1
anti-fibril	1
anti-phospho-Sqh	1
SFV	1
GDC-0941	1
anti-WWC1	1
Ngn3	1
Ngn2	1
CYLD	1
x000e9	1
galactomannan	1
YKL-40	1
anti-Jeb	1
CP-13	1
DMRT1	1
F2F4	1
anti-Tom70	1
7B3	1
anti-CCK	1
RGG2	1
ArfGAP1	1
HSPZ	1
SEC63	1
anti-m3G	1
CtIP	1
-xlPCNA	1
phospho-TrkBY816	1
C-Nap1	1
monocloncal	1
S72	1
Cdc6	1
tepsin	1
PilQ	1
anti-Brn3	1
VirE2	1
anti-ERM	1
MSK1	1
anti-ARK	1
EGFRvIII-specific	1
2F12	1
E4	1
E1	1
Hop1	1
amelogenin	1
-subunit	1
GCNA	1
Sth1	1
antisera	1
caspase	1
EB	1
CNGA1	1
anti-Phm	1
CNGA3	1
XL-2	1
YTH	1
Coda-Zabetta	1
TOPBP1	1
anti-Xdazl	1
CB0006	1
SP-C-antibodies	1
TIFR	1
CD46	1
anti-Scribble	1
NonA	1
anti-isocitrate	1
TBP	1
heparanase	1
JIM7	1
anti-Hexim	1
MGL	1
Art4	1
MTS24	1
leishmania-specific	1
anti-DPMS	1
O'Reilly	1
Anti-DmWASP	1
Trps1	1
PTF1a/P48	1
anti-SCO2837	1
anti-Ptc	1
NUP-1	1
AP-4	1
EBNA3C-specific	1
4B4	1
TRADD	1
TRPC4	1
NCAT2	1
anti-ORC2	1
TSH-r	1
-Sec22b	1
anti-INVS	1
anti-BNIP-H	1
Mouse-ISG15	1
M6-7	1
Tra-2-54	1
translocon	1
NS5	1
TMD1	1
anti-NDV	1
Antibody-Based	1
JG-A	1
X2	1
18	1
TLR	1
p-ERK	1
podoplanin	1
S6K1	1
GluR1-2	1
Rab6A	1
APC3-T446	1
Itm2a	1
MERTK	1
CRABP-II	1
2B10C11	1
IDSHB	1
X223	1
Ser314	1
anti-COMP	1
anti-Rpb3	1
IsiA	1
cyclin	1
anti-caveolin	1
anti-ASCL2	1
anti-CYP2A6	1
BB2	1
anti-clathrin	1
anti-CENP-H	1
KDM6A/UTX	1
anti-CENP-N	1
anti-S1-1	1
TAMU	1
CCHF	1
anti-DRIP	1
31C6	1
corazonin	1
8H4	1
EKLF	1
anti-NCAM	1
Krt2	1
agrin	1
5-67	1
anti-TVA	1
anti-RB6	1
SLC5A8	1
KI67	1
anti-Celsr1	1
OT6	1
LG5	1
Avidor-Reiss	1
LMN-1	1
NOP58	1
VRC03	1
anti-Abcg5/sterolin-1	1
CFHR5	1
anti-HSF2	1
alpah6	1
Emx1	1
RPA	1
F5D	1
Ets1	1
mAb200	1
anti-MntC	1
AURKC	1
40LoVe	1
anti-AmVG	1
small-molecule	1
anti-EHD	1
FMTAM	1
VSG	1
anti-Dtorsin	1
anti-LDB1	1
anti-ApPTTH	1
72	1
71	1
70	1
anti-O157	1
phospho-CTD	1
p0071	1
P63	1
anti-p27BBP/eIF6	1
anti-env	1
dVMAT	1
anti-SpyCEP	1
Anne-Maria	1
8WG16	1
SIN1	1
anti-EEA1	1
anti-pendrin	1
mannose	1
BMI-1	1
anti-Rho1	1
DHSB	1
FOXL2	1
nchen	1
Glut1	1
anti-TERT	1
anti-twist	1
BD	1
anti-AMA1-C1	1
anti-Yop	1
AH12	1
mAB	1
Brn3a	1
AbdB	1
CAPRIN1	1
JE	1
neuroendocrine	1
pT509/514	1
anti-HuR	1
anti-PDF	1
Nuo6-8	1
pre-published	1
Pro-SPC	1
anti-Col10a1	1
CLN6	1
antiskelemin	1
PcrV	1
IMC3	1
anti-LRRK2	1
anti-HS	1
/purifying	1
huN901	1
CodY	1
MLC1	1
BRCA1	1
IRAK	1
AQP4	1
AQP2	1
n1p1	1
MyosinVI	1
phaseolin	1
anti-Cds1	1
FasIII	1
F17R	1
anti-53BP1	1
3/1	1
AC88	1
anti-engrailed	1
Atg14L	1
Sox1	1
YPT1	1
59D8	1
AX1	1
PHO	1
AKAP220	1
anti-DsRed	1
anti-Pmt3	1
RBBP4	1
BXP-53	1
Rec8	1
anti-Aire	1
LcrF	1
anti-HN	1
calpain	1
O6-LPS	1
CRMP	1
anti-Neogenin	1
flystocks	1
ExoR	1
Sprr2	1
ribosomal	1
Map3k9	1
11F2	1
anti-Phos-Htt	1
CI-39	1
dTULP	1
antiVE-cadherin	1
antigG2	1
PD-L2	1
TCR	1
pseudorabies	1
ettinger	1
-Tubulin-Cy3B	1
PfGAPDH	1
anti-TNP2	1
anti-CCL12	1
anti-hMSL1	1
A190	1
anti-APLP1	1
anti-ankyrin-B	1
hrmann	1
anti-DI	1
UNC-45	1
Smp14	1
MF1	1
anti-RNP29	1
kindlin-2	1
CM-1	1
procollagen	1
GP63	1
anti-Ci-155	1
Ab-1	1
uroplakin	1
anti-Sro9p	1
H3K9m2	1
dyn-2	1
HBD-2	1
nucleoporin	1
HBoV	1
MC-5	1
anti-SOX9	1
anti-CD28	1
anti-HOAP	1
anti-pSmad2	1
PDGDRA	1
5-LO	1
large-scale	1
c-MYC	1
anti-CPD	1
dynorphin	1
anti-Flavivirus	1
anti-RibH2	1
myomesin	1
SPRED2-specific	1
pK	1
gonococcal	1
anti-DOC2b	1
Mdm4	1
glycan-directed	1
anti-Golgin-97	1
mOstm1	1
NICHD	1
anti-Glut2	1
LM34	1
JB1A	1
intracellular	1
anti-RunX1	1
eIF	1
capsid	1
anti-Pro-SP-B	1
-CYE-1	1
HEV	1
RasGRP1	1
anti-H2A	1
anti-Cap-G	1
anti-H2B	1
anti-Bicoid	1
Em2G11	1
OT15e	1
anti-SNAIL	1
5D12	1
endomysium	1
anti-TRAF2	1
PTBP1	1
XMR	1
anti-MamK	1
cM-T807	1
Lhx2/9	1
Meng-Yu	1
4C4	1
Iba1	1
C-PEPCK	1
VATPase	1
anti-MLC2	1
TRA98	1
anti-ASM	1
Rab11	1
IIV-6	1
anti-TIMELESS	1
phospho-Smad3C	1
anti-RAG1	1
Hsf1	1
ScMAS	1
microbeads	1
anti-N-methyl-D-aspartate	1
FMG-1B	1
anti-epoetin	1
anti-K71	1
anti-LMP-1	1
anti-BipA	1
LAMP-2	1
Etramp2	1
IIX-specific	1
siRNA	1
ric	1
zebrin	1
anti-TcpA	1
anti-PAP	1
anti-PAR	1
anti-MMP-13	1
Xir-126	1
anti-CarO	1
anti-RpoS	1
anti-PTST	1
AcknowledgmentsThe	1
Anti-Rip1	1
VGAT	1
ICP0	1
anti-NHERF-1	1
furin	1
nucleosome	1
CLIP-190	1
TuJ1	1
anti-AAF	1
EAAT5	1
anti-VEGFR2	1
CC1	1
Zl-1	1
anti-Cyclin	1
HES1	1
anti-S	1
Karatt-Vellatt	1
-INI1	1
NrxI	1
anti-Cse4	1
DR4/5-targeted	1
anti-Tax2	1
kni	1
anti-Sir2	1
anti-Pfk1	1
anti-ZP	1
anti-Hsp70	1
HY5	1
G304	1
phospho-Ser421	1
IL-877	1
M-38	1
VDAC-1	1
anti-HuISG15	1
PIE-1	1
nucleoprotein	1
c-fos	1
hCAR	1
TH-EGFP	1
2C1	1
2C2	1
Opa1	1
EBNA-LP	1
Sec8	1
anti-B19	1
L6/23	1
antibody-myosin	1
NopX	1
anti-dSNAP-25	1
Islet1/2	1
anti-TgCPL	1
anti-ADAMTS13	1
CHIKV	1
anti-drug	1
MsrA	1
RCAN1	1
difficile	1
CAPN1	1
MYC	1
anti-meARTD1	1
ephrin-As	1
ETV1	1
anti-PIN2	1
-GP	1
PSN2	1
CAEV	1
dynein	1
anti-Tic40	1
glycogenin	1
ZPI	1
oligodendroglial	1
anti-OGA	1
anti-AD-01	1
IgG-antibodies	1
mCherry	1
Anti-Nup358/RanBP2	1
NFAT5	1
anti-WFS1	1
TopBP1	1
cadherin-11	1
Anti-Parv7	1
anti-DNA	1
CC2	1
anti-pPeri-site	1
anti-Tbx16	1
anti-IL-23R	1
anti-discoidin	1
CYP3A27	1
GXM	1
DE-Cadherin	1
VP23	1
ORF45	1
RpoTm	1
Vap33-1	1
anti-Dll4	1
mutant-specific	1
6H4	1
FG	1
Evx1	1
anti-Carbonic	1
b6	1
pBBK32	1
NK	1
-ATL	1
anti-RBP3	1
progerin-antibody	1
SERT	1
MAb83F6	1
anti-DSCAM	1
TDM-2	1
anti-PACSIN1	1
CT-A	1
anti-TbGRASP	1
vp39	1
serological	1
anti-factor	1
plasmatocyte	1
NEUROG3	1
anti-EHD1	1
308	1
antineurofilament	1
B2	1
3D10	1
3D11	1
LICRLonM8	1
spectrin	1
IHKE-1	1
anti-PEBP	1
BMAL1-specific	1
Anti-pS676	1
Grx1	1
anti-RF	1
PcsB	1
anti-guinea	1
T23	1
loricrin	1
CD133	1
MW1	1
anti-IL15	1
anti-RBPJ	1
CT1	1
-syntrophin	1
TMEFF2	1
anti-TconTS	1
kDa	1
anti-SARS-CoV	1
TEPC-15	1
TFIIB	1
anti-TRIP6	1
DPY-27	1
anti-Hub1	1
anti-U1-70	1
TFIIH	1
anti-Veli	1
ENaC	1
muF19	1
wBm0432	1
ACA	1
anti-AcH3	1
glycoprotein	1
CycT	1
Pasteur-Cambodia	1
anti-CaMKII	1
cGKII	1
ACP	1
anti-Zeste	1
anti-lipophorin	1
Anti-PNAG	1
pan-AMPA	1
anti-gG1	1
conformation-sensitive	1
recombinase	1
CH12	1
ZEBOV	1
v-FLIP/K13	1
anti-MalE	1
anti-Nedd4	1
Panx1	1
anti-Isl1	1
25H11	1
EGL-5	1
anti-ORC	1
ElaV	1
anti-AP2	1
anti-IgG2a	1
FoxE3	1
anti-FBPase	1
TRF1	1
glucocerebroside	1
anti-KN1-antibody	1
GILZ	1
sdc	1
anti-CRY	1
anti-HP1	1
anti-Ebp2	1
cic	1
TL1A	1
07-601	1
TcdE	1
Glc7	1
TcdB	1
LM20	1
anti-5E11	1
flaviviruses	1
anti-AMA-1	1
AXO49	1
anti-TRAP	1
Pax3/7	1
anti-Flv3	1
anti-PsaL	1
Nab3	1
-PfEMP3	1
RPS13	1
ARL8	1
anti-ACTH	1
1-Na+K+ATPase	1
GAT-3	1
RPS19	1
p-PERK	1
7G1-1	1
NK1	1
mAb1642	1
WOW-1	1
1/3	1
4D7/TAG1	1
RasGAP	1
anti-polyglutamine	1
arginase	1
A11	1
A10	1
A12	1
4E12	1
microcontact	1
anti-seminase	1
virus-specific	1
A1	1
MCAK	1
non-specific	1
A6	1
eIF4E	1
anti-collagen	1
phospho-p53	1
H3K18Ac	1
GABAA	1
dolphin-specific	1
sialoprotein	1
TNP	1
anti-HP-NAP	1
anti-OspC	1
GYIRFamide	1
-L-iduronidase	1
ADAR1-p-110	1
EspG	1
II-6B3	1
Gillard-Bocquet	1
VP5	1
anti-CbpA	1
HORMAD2	1
VZV	1
c-Fos	1
BFLF2	1
Spl2	1
HSDB	1
antinitrotyrosine	1
-MES-4	1
RanBP9	1
anti-BRG1	1
anti-DsbA	1
neurofilamant	1
R21	1
-NifU	1
anti-Glut-1	1
Rbm3	1
anti-PyMT	1
PSD95	1
antioxytocin	1
anti-BMP	1
antistaphylococcal	1
IFNAR2	1
anti-D	1
anti-COX-IV	1
parvalbumin	1
HIC3-2D12	1
anti-metallothionein	1
CPT	1
CPV	1
38B8	1
anti-Wg	1
anti-DARPP-32	1
aquaporin	1
WSP-1	1
DT9	1
anti-nEhCP-A5	1
ALDP	1
B-MYB	1
anti-Cta1p	1
gB	1
anti-VGAT	1
GYIRFamid	1
anti-IAV	1
surfactant	1
anti-Sho	1
tenascin-C	1
NifH	1
Clinic-IDIBAPS-Barcelona	1
Epstein-Barr	1
homeobox	1
anti-oxLDL	1
anti-TfR	1
GATA6	1
anti-synphilin-1	1
ALK	1
C4F6	1
Tyr15	1
CCND1	1
G3G4	1
anti-proregion	1
p63-antibody	1
ICA69	1
IGF-1R	1
trypanosome	1
VPPase	1
OSSA	1
Anti-AdipoR1	1
anti-Nup133	1
FCaBP	1
Anti-mptpA	1
C-Terminal	1
MMP	1
PUM2	1
anti-NEDD8	1
3C	1
3A	1
MRP2	1
anti-dAtx2	1
anti-RB2	1
ATF-6	1
BDV-specific	1
O-GlcNAc	1
-28	1
MIX-1	1
Troma-1	1
anti-VHL	1
CVAK104	1
HEA125	1
JM403	1
LexA	1
mansoni-infected	1
IR47-9	1
STAG3	1
F5	1
PDGF-C	1
CPSF6	1
AR3A	1
L31	1
anti-H3K27me3	1
ESR36	1
B10	1
anti-idiotypic	1
anti-AES	1
Omp25	1
anti-DDX-3	1
18b7	1
anti-USP11	1
NT2	1
anti-Gro	1
anti-Tpr	1
anti-CD40L	1
anti-CATL	1
Jean-Louis	1
anti-Endo180	1
CBP	1
FepA	1
Sch9P570	1
anti-EBNA3B	1
K11-Ub	1
FLNB	1
B220	1
anti-DSI	1
FP	1
anti-FIP5	1
vGPCR	1
NT1	1
CBK1	1
anti-STM	1
state-sensitive	1
anti-hTNF	1
33A10	1
mAb13	1
TAF15	1
EB3-GFP	1
PLP2	1
anti-SYP-1	1
CDC5	1
SMA	1
FilGAP	1
anti-cathepsin	1
SCGB1A1	1
Thy-1	1
bingen	1
mPrx4	1
anti-Foxp1	1
p-Akt	1
McCollum	1
K-ATPase	1
anti-Crumbs	1
DK-72473	1
GGA	1
VeA	1
MDR	1
anti-XCAP-E	1
IE1	1
W239	1
L42	1
anti-Pex3	1
anti-HoxH	1
antibody/protein	1
RL-77	1
PAGs	1
anti-S100A12	1
MVA	1
TF	1
MBNL1	1
DAO-5	1
78-7	1
anti-POP-1	1
anti-FlgE	1
biofilms	1
F4	1
Axonin1	1
1-syntrophin	1
MARP	1
anti-glypican-4	1
NTR	1
anti-PDX-1	1
rooletin	1
Alz-50	1
Usp-14	1
AJM-1	1
anti-rel	1
P-Selectin	1
Rop5	1
GCH1	1
anti-DPEP1	1
gamma-tubulin	1
MFGF-8	1
94I	1
-Dsyt-CL1	1
anti-LEDGF/p75	1
MSP1	1
H2Bub1	1
antidesmin	1
MSP7	1
MITF	1
MyoVIIa	1
anti-TAT1	1
Gli2-specific	1
B71	1
anti-Tle4	1
Shin-Ichi	1
MES-4	1
anti-Fur	1
anti-PRI1	1
ser-473	1
AB1	1
BC-14	1
anti-fliC	1
MTS10	1
ORP9	1
ERK	1
Anti-SYNORF	1
NRF-1	1
ac-Smc3	1
pseudomallei	1
ligase	1
DiAntonio	1
antibodies/plasmids	1
Nkx2-2	1
RIIB	1
anti-SM50	1
-Cpn60	1
anti-SOD1	1
BACE1	1
TBP-specific	1
burnetii	1
immunoreactions	1
DKK4	1
TK88	1
anti-PrRP	1
-LRP1	1
Psd1	1
RIIb	1
anti-LAMP2b	1
DEC2	1
anti-Orco	1
McQuibban	1
anti-glycine	1
anti-ObgE	1
anti-Vph1p	1
anti-Cruzipain	1
anti-Ecm1	1
-depleting	1
anti-K17	1
NF186-specific	1
RING2	1
Wirtz-Peitz	1
anti-SipC	1
VP1/2	1
anti-proROP4	1
dt	1
anti-PKD3	1
anti-Drip	1
Vglut1	1
IAV	1
D27	1
N297Q	1
Tmod3	1
sialo-CPS	1
anti-nuclear	1
anti-Opticin	1
neo-epitope	1
autophagy	1
anti-M2-1	1
anti-CD115	1
anti-perilipin	1
nesprin-3	1
histological	1
KLF2	1
anti-Rev	1
anti-phosphoNKCC1	1
McGill	1
LASV-specific	1
anti-NDPK2	1
-lactamase	1
MRP-2	1
anti-recoverin	1
anti-Rex	1
anti-pH2AX	1
LPL	1
p17	1
KatA	1
WHY1	1
anti-Orc2	1
proctolin	1
MTE-1	1
MITF-antibody	1
S58H2	1
PLD2	1
Wnt5a-specific	1
anti-CFP-10	1
TasA	1
Prox1	1
hemagglutinin	1
anti-lipoarabinomannan	1
D-Gen	1
WFS1	1
AF-6	1
phospho-SMC1	1
Ab813	1
McKeon	1
EV71	1
RhBG	1
NdhL	1
Atp4	1
uPAR	1
uPAS	1
Dll4	1
anti-SYCP1	1
IFN	1
anti-KLP10A	1
E51	1
84	1
anti-NPHP1	1
WO1	1
WO2	1
W226	1
PKA	1
anti-PfCK1	1
CLDN1	1
-DNC-1	1
antisomatostatin	1
anti-OxPC	1
anti-Rpl35	1
26695	1
anti-VG	1
RNF4	1
Ndt80	1
CE2	1
neoepitope	1
AP-33	1
RDM4	1
BA103	1
anti-sHSP	1
mMCP6	1
CD24	1
2A1	1
anti-SFSV	1
anti-SAL	1
PGC-1	1
Uhrf1	1
phosphospecific	1
mRFP	1
HDAC1	1
Cyp17	1
anti-NAE	1
anti-E2A	1
HDAC7	1
HDAC6	1
KSHV	1
anti-PfHsp70	1
Jui-Chou	1
anti-7-methylguanosine	1
FABP4	1
anti-IL-10R	1
FANCD2	1
alphavirus-specific	1
anti-MDR1	1
GLUT2	1
CBX1	1
FABP9	1
Red1	1
anti-ATFa	1
anti-DSG2-3B11	1
MAbs	1
VEGF-A	1
Sir4	1
APA-2	1
anti-Arc	1
PfEBA-175	1
OST	1
DVGlut	1
contactin-2	1
TbRab11	1
anti-KRV	1
PARP-1	1
anti-VYK	1
GAPDH	1
methylated	1
anti-Mimivirus	1
anti-phospho-Ser133-CREB	1
anti-MIC2	1
MUC5AC	1
IGF2BP2	1
SOX17-APC	1
caviae	1
latexin	1
A6-antibodies	1
anti-2A	1
anti-Patched	1
5-methylcytocine	1
Jantsch-Plunger	1
Stx1	1
AG4	1
anti-Hmga2	1
anti-PPT1	1
phospho-Smad	1
NRF2	1
NRF1	1
anti-APPL1	1
NS1-immune	1
TRPM5-antibody	1
Mod5	1
SULFs	1
glycine	1
anti-Cap-H2	1
5-HT2AR	1
PDK-2	1
Anti-RVFV	1
anti-Exo70	1
Dusp9	1
NDRG1	1
SOX2	1
JNK/SAPK	1
UbdA	1
MC1	1
GGA1	1
Gli3	1
Rac-1	1
anti-G4	1
MEK1	1
anti-gI	1
ClpP	1
anti-Heslike	1
anti-MBL	1
OX110	1
anti-ZBP1	1
P-GM130	1
pGSN	1
FoxG1	1
anti-hCD81	1
anti-Domino	1
SLM	1
cohesins	1
anti-CLK	1
Aldh2	1
OCX-36	1
PTL3	1
antipeptide	1
HSP60	1
EAPP	1
m48ab	1
24B10	1
CIP98	1
DEAF-1	1
BORIS/CTCFL	1
nucleocapsid-specific	1
MgrA	1
TIP48	1
anti-SCL	1
GxcDD	1
antigliadin	1
anti-GLA	1
MCP	1
APB5	1
11NQ	1
anti-C24	1
anti-OprF	1
anti-KRLG1	1
anti-MUC3	1
Pinch-1	1
ecto-P2X7	1
Anti-Rae28	1
anti-BAF45C	1
TSP-1	1
DHHS	1
NOCTURNIN	1
anti-Cd11b	1
anti-GP	1
PBP-2B	1
proPO	1
anti-TS	1
Np63	1
dystrophin	1
anti-IncG	1
PICH	1
anti-IncA	1
-FRA	1
anti-CfaD	1
dehydrin	1
ABL93	1
Fut8	1
anti-ricin	1
synaptobrevin	1
CETP	1
DC-SIGN	1
anti-IR	1
anti-POFUT1	1
calbindin	1
MDM2	1
anti-YwdL	1
NCX3	1
anti-Krt17	1
anti-gC1qR	1
Duox2	1
anti-STAG2	1
NIG	1
anti-NIP6	1
CBP80	1
FACSCalibur	1
Gas2	1
CRS	1
HPV-16/18	1
CRX	1
anti-Gal	1
anti-Gb3	1
vH-ATPase	1
VE-Cadherin	1
p21	1
p20	1
anti-CD22/cal	1
HSPC300	1
p28	1
antibody-staining	1
anti-IGF-1	1
anti-Ub	1
anti-DJ-1	1
anti-GABAAReceptor	1
anti-VASP	1
anti-dE2F1	1
ZBP1	1
anti-CCD	1
P58IPK	1
anti-ScHsp12p	1
TRPM8	1
Wechsler-Reya	1
Gata6	1
phospho-TSC2	1
F/H	1
mSIGNR-1	1
anti-H2AvD	1
anti-ErbB2	1
P0	1
anti-dbpA	1
anti-ZnT3	1
anti-GP135/podocalyxin	1
FoxO3a	1
anti-AIN-1	1
syndecan-1	1
CR3022	1
anti-LAP1	1
Stabilin-2	1
TLR4	1
6D11	1
VSG2	1
anti-OSAD	1
HTZ-1	1
MSP-119	1
BF-F3	1
RacA	1
anti-HURP	1
Syp71	1
Ssea1	1
polygenic	1
microinjections	1
NR2A	1
hLF	1
Odf1	1
CD4	1
3-subunit	1
UAP56	1
anti-Sdc	1
CD3	1
anti-KLRG-1	1
DO-1	1
Hermes3	1
anti-DUP	1
anti-MAP1B	1
anti-C10	1
solanacearum	1
STAT3	1
gH	1
anti-melanopsin	1
1-subunit	1
BV-1118	1
SapB	1
anti-rhodopsion	1
anti-COL7A1	1
anti-FnCBD	1
phospho-Ser	1
subset-	1
CC10	1
anti-NiV-G	1
CYP7A1	1
MSL	1
1-integrin	1
cpHsc70	1
anti-centrosomin	1
A431	1
CCR4	1
spermidine	1
anti-Lmx1a	1
D1b	1
hme	1
anti-GluRIIB	1
NS5B	1
anti-beta-tubulin	1
ADAM10	1
anti-Cslama3/4/5	1
PLP	1
mSMGP	1
anti-CART	1
anti-MyoVa	1
RpoE	1
anti-Dco	1
CfrA	1
PDE4B	1
anti-ASIC1	1
NS5a	1
K14	1
P30AR048335	1
M71	1
UAST	1
anti-HCV	1
M75	1
X-ATR	1
L8A4	1
anti-Tulp3	1
USP9X	1
anti-HCF	1
TBMO	1
LmPABP2	1
3H5	1
IgG2	1
anti-sAPP	1
HtrA1	1
anti-Tpd3p	1
anti-PfRh5	1
rrez	1
anti-TACC3	1
anti-frutalin	1
olig2	1
az-Benjumea	1
OHase	1
SOM	1
LC-MS/MS	1
anti-Rickettsia	1
PSA	1
HDEL	1
Caprin-1	1
gGAPDH	1
EAP3	1
http	1
anti-RNA	1
N8A	1
ACK4	1
tUCHL1	1
anti-desmocollin	1
anti-MAL2	1
BAN50	1
3E10	1
cdh5	1
HPV33-specific	1
preimmune	1
anti-wee	1
anti-ANT	1
2A10	1
p11	1
NisB	1
MAPK	1
Stab2	1
Cep290	1
Bar209	1
anti-BDLF1	1
anti-AGT	1
anti-SV2	1
anti-PDE3A	1
28-21	1
Olig1	1
anti-FlaA	1
anti-Rrp6	1
anti-Ase	1
anti-FlaB	1
Spo0A	1
Brd4CA	1
ChlB	1
anti-NIPBL	1
Top2	1
Mist1	1
NeuroMab	1
anti-capsule	1
43	1
ED-1	1
anti-acTubulin	1
sexta	1
MEF2	1
BDNF	1
GC-1antibody	1
anti-Nis	1
K16	1
rotavirus	1
anti-Trx1	1
Vps26	1
R2629	1
XAGE1	1
anti-HC750	1
-NS1	1
anti-Hu	1
HSP-16	1
Reimers-Fadhlaoui	1
HKI	1
anti-Tom20	1
anti-Pan	1
anti-angiogenin	1
18-6	1
28H	1
K18	1
SUMO-2	1
DJ-1	1
anti-Kb-OVA	1
-HSD1	1
CDH-5	1
R5710	1
anti-Testisin	1
PrP95	1
cerevisiae	1
TAp63	1
-endorphin	1
Shcbp1	1
anti-Gsx2	1
anti-H3	1
anti-H1	1
AIF	1
anti-Ci	1
phospho-Relish	1
anti-Acrv1	1
anti-vimentin	1
MAGI-1	1
anti-La	1
ISGs	1
SERCA1	1
SERCA2	1
anti-lipin-1	1
anti-osteopontin	1
7E11	1
MLE	1
Robo2	1
podocalyxin	1
anti-NECC2	1
Runx3	1
Runx1	1
Atoh1	1
EED	1
DiPersio	1
anti-Nurr1	1
anti-NR2B	1
CPAP	1
anti-FLRT3	1
Rap1	1
ROC	1
ChemoCentryx	1
HTP-1/2	1
gammaH2Ax	1
MBL-A	1
HP-1	1
NF-kB	1
McMahon-Pratt	1
phospho-Drp1	1
IFT122	1
VGluTs	1
Rab1	1
CRUK	1
ORC2	1
pan-JNK	1
IFT74	1
TGF-	1
anti-flavivirus	1
anti-USP10	1
sdmg1	1
anti-PhoP	1
anti-Frizzled-2C	1
anti-STAT2	1
GLP-1	1
VWF	1
B-Myb	1
SKN-1	1
anti-BRCA1	1
PpuR	1
Dgt6	1
TAF5	1
FANCF	1
TAF1	1
TMPRS22	1
G6PD	1
Ti98	1
ankyrin-1	1
deamidation	1
11S	1
anti-AGO1	1
anti-FN	1
anti-AGO2	1
FAM111B	1
anti-AGO4	1
DSpd-2	1
C2C12	1
anti-Apoe	1
anti-Hfq	1
anti-Tdrd1	1
NR2E3	1
PIA/PNAG	1
anti-Synaptotagmin	1
Anti-Dor	1
antibody-free	1
anti-ezrin	1
p-Thr-34	1
elastin	1
anti-Notch3-ECD	1
AChR	1
auxilin	1
Drp1	1
SM-MHC	1
anti-DENV-2	1
S2056P	1
PDCD5	1
oise	1
ARRB1/2	1
LIN-35/Rb	1
phospho-smad-2	1
anti-TH	1
anti-KatA	1
GRA2	1
Rpl5	1
HMGA2	1
anti-ActA	1
anti-PfEnolase	1
anti-Sp1	1
anti-Vif	1
pThr345-Ezh2	1
anti-PMV	1
anti-stereocilin	1
Thrombospondin-2	1
anti-nNOS	1
pUL97-specific	1
anti-IPSE/alpha-1	1
RGS14	1
granzyme	1
RGS13	1
TAC-1	1
ID6	1
MrpC	1
VapA	1
anti-alginate	1
PLZF	1
A5B7	1
anti-BtubA/B	1
dMcm10	1
spectrometry	1
FFPE	1
14F7	1
anti-TAP	1
-NS5A	1
anti-TAU	1
anti-HLA-DR	1
antiactin	1
IFC	1
CIM	1
anti-nervana	1
lysine	1
anti-chick	1
anti-TAF	1
SNAP-25	1
FOXO3a	1
-MIX-1	1
LIBS-6	1
anti-Topo	1
anti-NALCN	1
HJURP	1
anti-GERK	1
anti-FANCC	1
PfADF-1	1
ADRP-specific	1
Lmx1a	1
UL7	1
anti-App	1
Braun-Breton	1
anti-Hsp104	1
p-H2Av	1
anti-hCG	1
MTA2	1
TbGS	1
anti-MuRF1	1
Nup133	1
OCP	1
anti-MITF	1
AP5Z1	1
anti-caspase	1
anti-vinculin	1
CDRI	1
neuropilin	1
anti-FV3	1
anti-Ac45	1
anti-RFA116	1
anti-GLT-1	1
anti-mGluR7	1
GSNO-R	1
tter	1
Evi1SP317	1
HDAC	1
anti-ABI5	1
CD163	1
Myo1c	1
MS2	1
BBS6	1
Zns-5	1
ERp44	1
chromogranin	1
anti-GLP-1	1
3A2	1
anti-mGluR2	1
SCPB	1
anti-LSD2	1
