None	573
Grant	30
Charles M. Rice	20
Peter Davies	14
Dr. Charles Rice	11
Takaji Wakita	10
Don Gardiner	9
Hugo Bellen	9
C.	9
K. Gull	9
Noboru Mizushima	9
Masayoshi Maeshima	9
N. Nakatsuji	9
Albert Einstein College of Medicine	9
S. L. Dobson	9
Harold Gainer	8
Francis Chisari	8
Steven S. Gross	8
M. Gonzalez-Gaitan	8
Erich Buchner	8
Bryan Crenshaw III	7
Bleackley	7
Deutsche Forschungsgemeinschaft	7
T. Wakita	7
D. Bilder	7
Nahum Sonenberg	7
F. Melchior	7
Volker Gerke	7
Y. Zavros	6
Keith Gull	6
E.M. Rodriguez	6
Craig Roy	6
H. Scott	6
Paula Cohen	6
Bill Earnshaw	6
Monica Justice	6
James Bliska	6
Patrick Skelly	6
rgen Heesemann	6
Jay L. Degen	6
Claire Walczak	6
Arnoud Sonnenberg	6
Grants-in-Aid	6
Cheryl Craft	6
Jay Bangs	6
Charles T. Esmon	6
Charles Rice	6
R. L. Glaser	6
Yasufumi Emori	5
M. McCaffrey	5
Dave Gard	5
Kim Nasmyth	5
Gerhard Adam	5
Li	5
Monospecific	5
ronique Leblanc	5
C. Rice	5
Koh-ichi Nagata	5
Shoji Tajima	5
N. Mizushima	5
Renato Paro	5
Charles Sawyers	5
Akihiko Yoshimura	5
Dr. A. Zantema	5
Mark Field	5
Dr. Hung-Ying Kao	5
B. Etemad-Gilbertson	5
Christine Chaponnier	5
Ralf Enz	5
Jean-Francois Dubremetz	5
Nico P. Dantuma	5
Heinrich Dircksen	5
William Kaelin	5
T. Pestova	5
Dr. C. Rice	5
Ikuko Hara-Nishimura	5
L. Binder	5
Dave Knecht	5
Elaine Fuchs	5
Oliver Hartley	5
Gabriel Travis	5
Cohen	5
Dr. Iver Petersen	5
Muriel Rosa	5
Elena Cattaneo	5
Stefano Stifani	5
Markus	5
Grant RUG	5
David Holden	5
Thomas Jessell	5
Nave	5
Selina Keppler	5
William J. Rhead	5
Sam Gandy	4
MAb	4
M Roussel	4
Tracey Rouault	4
Paul Linser	4
John Buford	4
Dr. Min Lu	4
Merton Bernfield	4
Erik Moore	4
Fanxiu Zhu	4
J. Pla	4
Charles D. Stiles	4
Iain Johnstone	4
Dr. Marja Jaattela	4
Klaus Strebel	4
Warren Strober	4
Gif/Yvette	4
Jens Bukh	4
Mary Ann Accaviti-Loper	4
David Baulcombe	4
Ms. Needa Tichi	4
Brad Lowell	4
Cheryl Lobo	4
Narry V. Kim	4
Jane Dodd	4
William Britt	4
Tesh	4
Elisa Bal	4
Holder	4
G. Firestone	4
Mikael Sigvardsson	4
Dennis Selkoe	4
H.-C. Cheng	4
Teresa Nicolson	4
Jane McGlade	4
Ruth Ashery-Padan	4
John Adams	4
Jon Morrow	4
Mike Blackman	4
Lawrence Berkeley Laboratory	4
Chen	4
Kerby Oberg	4
P. Ehrenberg	4
Ramin Shiekhattar	4
J. Lewis	4
re de la Recherche	4
Brigid Hogan	4
Toshihiro Nakajima	4
Henry Paulson	4
Jerry Schaack	4
Magnuson	4
T. Noce	4
Dr. Gary Kruh	4
J. Eggenschwiler	4
Dr. Cary Wu	4
Alice Barkan	4
Sports	4
Drs Bornens	4
Hassan Jomaa	4
Arturo Casadevall	4
Bhavin Thumar	4
Paul Clapham	4
S. Van Der Werf	4
Dr. Krishna K. Niyogi	4
Samuel Bellais	4
Annemieke Rozemuller	4
David Anderson	4
Shinji Motojima	4
Teruo Hayashi	4
W. Stallcup	4
Jeffrey M. Friedman	4
R Molday	4
Peter Moens	4
Christine Beattie	4
W. J. Lee	4
Roel van Driel	4
Dr Aoyama T.	4
Barna	4
Roscoff	4
Paul Martin	4
Paul Lasko	4
G. Brownlee	4
Andrew Firth	4
J. Skeath	4
Kristian Helin	4
K. Mackie	4
Tony Bretscher	4
Janece M. Lovchik	4
Scheffer	4
D Wassarman	4
M. Swanson	4
Sharon Reed	4
V. Bennett	4
lle Legube	4
Betsda	4
Tom Linsenmayer	4
Robert Bishop	4
Japan.The	4
Larry Fisher	4
Ryuichi Sakai	4
Brien	3
Dr. Mark T. Bedford	3
Zhaoyi Wang	3
Anne Ridley	3
Dr Gregory Pazour	3
Robert S. Molday	3
Duane J. Gubler	3
Dr. Ben O. de Lumen	3
Alan C. Rapraeger	3
David Hill	3
Scott A. Heckathorn	3
Peter Stilwell	3
Edna Gorni	3
U. Schneider	3
Tong Zhou	3
V. Morisset	3
S. Francesconi	3
Ward	3
Charles Stiles	3
Paul Michels	3
Marjorie Robert-Guroff	3
Dr. Xiao-fang Yu	3
Bettina Kewitz	3
Elif Eroglu	3
Elise Nilsson	3
David Westaway	3
Jianhang Jia	3
Polly Roy	3
Harry B Greenberg	3
Bone	3
Wang	3
Christopher Newgard	3
Neil G. Stoker	3
Sean Conner	3
Istvan Ando	3
Herzberg	3
Tony Ip	3
rgen Kleinschmidt	3
Jeffrey H. Miner	3
Reuben Ramphal	3
Anna P. Durbin	3
Meng	3
Tony Pawson	3
A. Tarakhovsky	3
David Fidock	3
Dennis Burton	3
Keiko Tanaka	3
A. Skladanowski	3
Hitoshi Niwa	3
Iain Hagan	3
Martinsried	3
Maureen Hoatlin	3
J. Fidler	3
G. Meister	3
C. Machamer	3
Nicolas Tapon	3
Erin Bromage	3
Alexander Steinle	3
zard	3
Germans Trias I Pujol	3
Wolfgang Nellen	3
J.P.G.-Ballesta	3
Andrew Bicknell	3
Koichi Kawakami	3
Michelle Letarte	3
Y. Nakagawa	3
Aniek Janssen	3
Raska Jr	3
C. A. Thornton	3
Eric Hansen	3
Victor Corces	3
Hiroyuki Miyoshi	3
nyi	3
W. J. Esselman	3
Fedor Berditchevski	3
Dr B Stieger	3
Anu Hakala	3
E. Neufeld	3
Steve Hann	3
G. Cavalli	3
Dr. Mammoliti	3
zardin	3
J. Fransen	3
S.E	3
Hiroshi Kawachi	3
Pamela Stanley	3
I. Stagljar	3
Fran &	3
Greg Winter	3
Robert Kalejta	3
R. Shiekhattar	3
V. Prasad	3
Richard D. Vierstra	3
Campo	3
Dr Nogues	3
S. Jalkanen	3
Johnson	3
Paula Grabowski	3
M. Azim Surani	3
Nabeshima	3
Dr. Che Ma	3
E. Greenberg	3
Andreas Eger	3
Dana Aftab	3
Dr. H. Zoghbi	3
Barco	3
Aristidis Moustakas	3
Paul Greengard	3
Ken Mann	3
Elias Epp	3
Gordon Freeman	3
J. Knoblich	3
Hales	3
Michael O'Connor	3
Peter W. Andrews	3
Zhiyong Wang	3
Frank Gonzales	3
Ricerca Finalizzata	3
P. Chambon	3
Leonard Evans	3
Tadashi Uemura	3
Y. Tanaka	3
John McGeehan	3
Elizabeth Jones	3
Francis V. Chisari	3
Didier Trono	3
T Breen	3
Martin Stern	3
Connor	3
Raymond Hui	3
P. Davies	3
Dr. Miguel Angel Martinez	3
Misao Matsushita	3
Ciaran Morrison	3
Stefan de Folter	3
Chris Sullivan	3
Eric F. Wieschaus	3
Dr. K. Morohashi	3
Hiroshi Takemori	3
Dudley Strickland	3
F. Juge	3
Lester Binder	3
Chris Franklin	3
Joan Brugge	3
K. Rottner	3
Anderson Cancer Center	3
W. McGinnis	3
J. Blenis	3
Alessandro Moretta	3
K. Izumi	3
Gregory Fridman	3
Dietmar Vestweber	3
Cedex	3
Teruo Ogawa	3
A. Wani	3
Konstanz	3
Dr. J. Lis	3
J. Errington	3
Toru Nakano	3
Dr. Marcel Deponte	3
Hirobumi Teraoka	3
Seiji Shioda	3
Iswar Hariharan	3
Walter Birchmeier	3
James A. Hoxie	3
Peter Sebo	3
C. Pears	3
Dr. Ikeda	3
M. Higuchi	3
Richard	3
Dr. Tetsuo Sudo	3
Mary Beckerle	3
S. Gollin	3
Dr. G. Gerisch	3
Anne Kane	3
D. Nowakowski	3
L. David Sibley	3
Deise Aparecida de Oliveira Silva	3
C. P. Case	3
Dr. A. Bortvin	3
A. Cowman	3
Greg Blatch	3
Katrin Rittinger	3
R. Ueda	3
K. Graumann	3
Walter Wodal	3
Dr.R.B.Tesh	3
Lukas Mach	3
A. Komeili	3
Nina Luning Prak	3
Dr. Bechara Kachar	3
Francois Nosten	3
Sisco Monjo	3
Richard I. Morimoto	3
Angus Nairn	3
Charles Thornton	3
Dr. Till Hasenberg	3
Richard Kasksak	3
Dijke	3
Dr. H. Sentsui	3
P.	3
Dr. Padraic Fallon	3
Josh Gamse	3
Chris W. Smith	3
Thomas Arzberger	3
Yves Corda	3
Donna Boland	3
Rawson	3
Robert Molday	3
William G. Richards	3
Keiji Tanaka	3
Thomas Cremer	3
Zhang	3
Ms. K. Klyszcz	3
G. Struhl	3
C. Pietrzik	3
Robin P. Wharton	3
Marc Tessier-Lavigne	3
David Montefiori	3
Gail Barcelo	3
Vincent Shankey	2
Wayne Crismani	2
Hiroyoshi Ariga	2
Dr. Junjie Chen	2
Alexey Khodjakov	2
R. Gattoni	2
Ghada Ajlani	2
Ralph Nixon	2
Douglas Lamont	2
Susan Lindquist	2
Jun Xia	2
Megan Lucas	2
Esha Mathew	2
Keith Caldecott	2
Jerry Kaplan	2
va Kurucz	2
M. Garcia-Gil	2
Elisabeth Kremmer	2
Buck Hales	2
Sinzger	2
Exelixis	2
Liu	2
Robert P. Yeo	2
R. Hevner	2
A. Wali Karzai	2
Galas	2
Dr. Kazusaku Kamiya	2
Dr Goto	2
Christoph Borner	2
Arthur Weiss	2
G. C. Enders	2
Sally Lowell	2
L.P.	2
R. Ohi	2
Sandra Lemmon	2
P. Staeheli	2
Paul T. Englund	2
T Doan	2
Alex Kolodkin	2
Keith Johnson	2
Jeffrey Benovic	2
C. R. Parrish	2
T. Hackstadt	2
Robert Fisher	2
Ivan Stamenkovic	2
Jan Ellenberg	2
S. Tonegawa	2
Edward Mocarski	2
Dr. Sabine Huke	2
L. F. Reichardt	2
Dr. Peng Jinmei	2
D. Trono	2
Tobias Meyer	2
Lynne Raymond	2
John F. Anderson	2
Chan	2
D. Stillman	2
Michael Mathis	2
John Baynes	2
Sanja Sever	2
Albert Einstein School of Medicine	2
Angela Tyner	2
A. Besson	2
S. Noguchi	2
K. Nagata	2
Alvaro O. Ardiles	2
M. Fuchs	2
Yohei Hirai	2
Jordi Vila	2
James Lessard	2
T. Hsu	2
R. Watson	2
Susan Reynolds	2
R. Benavente	2
Jones	2
Carlo Riccardi	2
Dr Bara	2
G. Karsenty	2
oise Haeseleer	2
C. Bergow	2
E. Cattaneo	2
Pr Antonio Siccardi	2
Cynthia Miltenburg	2
Jean Charron	2
R. Jaenisch	2
McMahon	2
S. Mukhopadhyay	2
Andrew Weinberg	2
Li Wu	2
Jeffrey L. Benovic	2
Dr. Masataka Oda	2
Benedikt Schoser	2
A. D. O'Brien	2
Yoshinori Nozawa	2
Sue Wormsley	2
Melanie Tallent	2
Genevieve Guedeney	2
Peter Quail	2
K. Okita	2
Dr. Ronald T. Hay	2
D. Pow	2
D.W. Liard	2
Carlton Bates	2
Arnaud De Muyt	2
Nicole Hallschmid	2
Douglas Melton	2
Rima Rozen	2
de Lausanne	2
J. Brill	2
Agustina Chidichimo	2
C. Brochhausen	2
D. Baulcombe	2
F. M. Rijli	2
Zhao-Yi Wang	2
M. Woontner	2
K. VijayRaghavan	2
Luca Battistini	2
Hideaki Nagase	2
Frank Ebel	2
Mary Weiss	2
Angela Glading	2
Isabelle Vernos	2
David Drew	2
Dr. Chuan-Mei Yeh	2
Chris Wrigh	2
H. Araki	2
Hanns Ludwig	2
Geraldine Seydoux	2
Albert Einstein College of Medecine	2
S. Strome	2
Dies Meier	2
Christian Becker	2
Eriko Osada	2
Arabidopsis	2
Dr Hodjatallah Rabbani	2
Roden	2
Bettina Sarg	2
Lefkowitz	2
Jeffrey Bennett	2
M. Nussenzweig	2
Doug Forrest	2
S. Chuma	2
Beate Averhoff	2
parkin	2
Roughley	2
Debbie Tudor	2
Dr. Anderson	2
Stuart Martin	2
O. Georgiev	2
David Amaral	2
Sean Sweeney	2
Lazzarin	2
Gustafsson	2
T. Kitajima	2
John Murray	2
Dr. George Christophides	2
Dr B. Omary	2
Allan Basbaum	2
Yupin Suputtamongkol	2
ttingen	2
N. Sidenius	2
Eric Shoubridge	2
Dr. J. Kadonaga	2
Agnese Serafini	2
D. Melton	2
Nicole Joller	2
J.-M. Fritschy	2
Rex	2
Dunne	2
Eiichiro Nagata	2
Tom Curran	2
Terence L. Kirley	2
Jeff Nordstrom	2
T. Shiroishi	2
Rick Jones	2
John Reinitz	2
Dr. Martiniova	2
Gero Steinberg	2
David Holtzman	2
R. Kedl	2
Dr. A. Vitale	2
Zissimos Mourelatos	2
G. Fink	2
Kenneth Poss	2
Dr. Chuxia Deng	2
G. Cassani	2
M. Antoniou	2
Richard M. Napier	2
Ragnhild A. Lothe	2
Christian Lehner	2
M. S. Rodriguez	2
Ira Pastan	2
Roe	2
Bruce Chesebro	2
Robert Geisler	2
Dr. Ueda	2
Klaus Hansen	2
J. M. Egly	2
David Williams	2
Rick G. Fehon	2
Tom Jessell	2
Martin	2
A. Ottaviani	2
J. Neefjes	2
M.E.D	2
Tracy McNamara	2
Thomas Bosch	2
Michel Nussenzweig	2
Tadashi Shimo-Oka	2
Ivan Rychlik	2
Martin Collinson	2
Michael Hayden	2
Rita Sharma	2
Lars Toleikis	2
Robert Kingsley	2
Angus Bell	2
Dr. Oscar Fernandez-Capetillo	2
Jo Rae Wright	2
Michael Malim	2
Dr. Niann-Tzyy Dai	2
Szabad	2
D Vucic	2
Steve Teitelbaum	2
teborg	2
Diaclone	2
Anthony Capobianco	2
Joseph Heitman	2
Dr D Gulino-Debrac	2
M. Calleja	2
Sue Stephens	2
L. Mirels	2
Yan Zhou	2
Erich Nigg	2
Ploegh	2
Neal Sugawara	2
Michel Labouesse	2
Eike Braune	2
Yumiko Saga	2
Dr. Miyasaka Tomohiro	2
Elizabeth Winzeler	2
Scott T. Brady	2
Fred Fuller	2
Dr. Sawa	2
Jeffrey L. Brodsky	2
Wes Grueber	2
Dr. Harry W. Dickerson	2
Dr	2
Jim Roberts	2
Ted Weinert	2
M. Ouchida	2
Judith Kassis	2
Dr. Volker Eulenburg	2
Philip Cunnah	2
Jennifer Demers	2
Steffen Lemke	2
S. Sabbioneda	2
Timothy Wakeman	2
J. Oosting	2
Dr. V. Lemmon	2
Sina Bavari	2
Scott Parker	2
zebrafish	2
Daniel Dlugolenski	2
Burkhard Wilms	2
Albert Basson	2
Dr Gotam Jarori	2
Vince Shankey	2
Richard Baer	2
Dr. Gordon Cramb	2
F. Steiner	2
Ivo Sauman	2
Dr. Teng-Yung Feng	2
G. Dreyfuss	2
John McLauchlan	2
Fiona Wardle	2
R. Scott Hawley	2
C.V. Wright	2
David Lane	2
Ryuji Kobayashi	2
Terri Mininni	2
Kostas Bourtzis	2
Dr M Schachner	2
R.J. Lefkowitz	2
John C. Lucchesi	2
Natasha Raikhel	2
Y. Nishimune	2
Pung-Pung Hwang	2
Dr. You-Hee Cho	2
Albert Bendelac	2
Roger Everett	2
M.B	2
Edward Moczydlowski	2
Jeff Hall	2
Paul Bates	2
CM Zhang	2
Richard L. Huganir	2
D. A	2
David J. Chen	2
Johannes Buchner	2
Julie Chao	2
Nathalie Bolduc	2
nchen	2
Steve Garvis	2
Jan-Michael Peters	2
P. Mombaerts	2
Marc Kirschner	2
Dr. M. Oldstone	2
Ben Seon	2
D. Alvarez	2
T. Sasaki	2
R. Kageyama	2
Gentofte	2
James R. Davie	2
Dr. Teon Kim	2
Dr Domna Karagogeos	2
T. Hirano	2
Shirleen Roeder	2
Dr. C. Chaponnier	2
Dennis McKearin	2
Jonathan Beckwith	2
Dr. Vadivel Ganapathy	2
Sara Cherry	2
Donnie Owens	2
I. Moore	2
Richon	2
Dr. B. D. Manning	2
R. P. Wharton	2
Paolo Di Giorgio	2
G. Nabel	2
Kevin Cook	2
S. Span	2
Leann Tilley	2
Guy Ben-Ary	2
M.W.M.Y	2
Jeffrey A. Whitsett	2
C. A. M. J. J. van den Hondel	2
Eric Campeau	2
Rebecca Kellum	2
Rudolf A. Rupec	2
A. Miller	2
Antoni Ribas	2
M. M. Parida	2
Seth Pincus	2
Jim Scott	2
Shohei Mitani	2
Robert G. Vries	2
Neil D. Christensen	2
Martin Pera	2
Dr. A. Fanning	2
Gabrielle Brons	2
William Deakin	2
Gail Martin	2
J. Bonifacino	2
P. Silacci	2
Kenzo Takada	2
Richard L. Proia	2
Greg Lemke	2
Kathleen C. Flanders	2
Wendy Carter	2
Gerald Pier	2
B. Kornmann	2
Helena Browne	2
Ulf Scheurlen	2
David Virshup	2
Dr. J. Pieters	2
David Haile	2
William Gullick	2
Bernard Peers	2
Robert Tesh	2
Greg Somerville	2
Kate Schroder	2
Michael Miller	2
Debiopharma	2
Marisa Bartolomei	2
Laurie Glimcher	2
Richard Frisque	2
Joseph Avruch	2
M. Frasch	2
Dr P. Puthavathana	2
Hongkui Deng	2
G. Hoyer-Hansen	2
Timothy J Foster	2
Susanne Bruun	2
Yoshio Takagaki	2
A. Weiss	2
E. Weber	2
Prabu Reddi	2
Susan Strome	2
Dr. Joseph S. Takahashi	2
Dr. Yingyu Chen	2
Dr. Therese Commes	2
P. Despres	2
L. Holzman	2
Dr. Martin Anger	2
Harold Jennings	2
Roos DS	2
D. Hayward	2
Michael K. Cooper	2
Steve J. Moss	2
Professor Molday	2
Jan Langeveld	2
Henri Vial	2
Andreas Ladurner	2
Aaron Richardson	2
Dr. Ora Bernard	2
F. Parra	2
Jackie Harrison	2
Walter L. Miller	2
H. Bellen	2
David Lim	2
F. Weber	2
Leslie Vosshall	2
Y. Kitagawa	2
Bruce Draper	2
Catalina Anderson	2
Stefan Lichtenthaler	2
Xudong Huang	2
Alan S. L. Yu	2
Bernard Moss	2
Y. Yoshihara	2
Atsushi Kato	2
Christopher Quinn	2
Ann Arbor	2
Celso Cunha	2
M. Carrington	2
Dr. Marcelo-Jacobs Lorena	2
A. Phalipon	2
Patricia Wadsworth	2
Dr. George Kraal	2
Haynes	2
P. Macheroux	2
Stacey Goldberg	2
D. Yamamoto	2
Dr. M. Preising	2
Rolf Bodmer	2
Wright	2
G. Meissner	2
S. Hotamisligil	2
Electron Microscopy	2
Eric Beers	2
Gaby Loers	2
D. Reinberg	2
Stuart Schreiber	2
Jacques Grassi	2
Cassandra Extavour	2
Michael Koelle	2
Eija Koivunen	2
I. Adams	2
Robert White	2
nchez	2
rgen Soll	2
Rafal Ciosk	2
Dario Alessi	2
Pierre Coulombe	2
Man-Wah Tan	2
Chris Doe	2
Jay Kolls	2
Dr. Megumi Morimoto-Tomita	2
Gubler	2
B. Vogelstein	2
Ron Taylor	2
Van Lint	2
Erwin Sigel	2
John Hopwood	2
K. Roberts	2
R. Schreiber	2
Ingrid Grummt	2
Pamela Celis	2
P. Brophy	2
Greg Matlashewski	2
nissier de Murcia	2
Dr. Joseph Reese	2
Gordon	2
Joan Durbin	2
Bill McGinnis	2
M. Prestel	2
Clare M. Isacke	2
N. Perrimon	2
L. Tessarollo	2
Tetsuya Iida	2
Dr. Mancera	2
Dr. Clare M. Isacke	2
Marco Conti	2
Alex Hajnal	2
Dr. A. Gopalakrishna	2
Michael Paddy	2
Loren Looger	2
Roland Freudl	2
Dr. Steven F Dowdy	2
Dr V. Lee	2
Frank M LaFerla	2
Trudi Gillespie	2
Glyn Dawson	2
Margaret Kielian	2
Thomas Jenuwein	2
Sven Pettersson	2
S. Wolin	2
Timothy Kurtti	2
J. T. Kadonaga	2
Andreas Diefenbach	2
Heermann	2
Naohito Nozaki	2
J. Diffley	2
Mauro Papotti	2
Michael Zegans	2
MaxPlank	2
Naohiro Aoki	2
S. Tsukita	2
Caterina Missero	2
Inc. Kyoto	2
Ute Moll	2
Mark Goulian	2
Martin Billeter	2
Roland Schauer	2
Malcolm Snead	2
Dr. E. Stellacci	2
Anthony C. Minson	2
Henning Jensen	2
Christian Sinzger	2
Suzy Comhair	2
Dr. Giordano	2
Anne Mason	2
T Kaneko	2
Van Rij	2
Ralf Gerhard	2
Thomas Gebhardt	2
J.F	2
J.D	2
Marcelo Jacobs-Lorena	2
Shigekazu Nagata	2
Chrissa Kioussi	2
Norbert Perrimon	2
Lane	2
WG Zhu	2
J. Lincecum	2
Tatsunori Seki	2
Lin-Fa Wang	2
Dr. A. Spradling	2
Chandra Mohan	2
Leo Pallanck	2
Huong Becker	2
Masa Sato	2
J. Armstrong	2
Michael Akam	2
Tyson Bioresearch	2
Keith Poole	2
rique Varoqueaux	2
Esben Sorensen	2
David Allis	2
Salisbury	2
Harwell	2
Mario Rinaudo	2
Junn Yanagisawa	2
Robert Blum	2
Ed Harris	2
Hideyuki Yamamoto	2
Jean-Luc Derycke	2
Anne-Marie Schmitt-Verhulst	2
Karen Padgett	2
Christian Doerig	2
Michael Rudnicki	2
R. Scharfmann	2
Paul Macdonald	2
Pamela Meluh	2
Nirupa Chaudhari	2
Janice Robertson	2
Charles Barlowe	2
Francesc Palau	2
Maurice Swanson	2
P. Tattersall	2
ncia	2
Lars Hederstedt	2
Laurence Eisenlohr	2
Kensuke Hayashi	2
Ulrike Herian	2
Prashant Desai	2
Dr. D. Westaway	2
Ralph R. Isberg	2
S. Leppla	2
Dr. Thijn Brummelkamp	2
Alain Caraty	2
Johannes Gutenberg-University	2
T. Jessell	2
Masaomi Ashida	2
Willson	2
Dr Francisco DeMayo	2
D. Lim	2
E. Peles	2
Gregory David	2
Matthew Jones	2
Vivian Lee	2
Dr. Benita S. Katzenellenbogen	2
James E. Dahlberg	2
Dmitri Ivanov	2
Mark M. Metzstein	2
Mikhail Nasrallah	2
Harlan	2
Minoru Yoshisa	2
Jan Wijnholds	2
Takako Sasaki	2
Stefan Wiemann	2
Bruce G. Gold	2
Charles H. Lecellier	2
B Glick	2
Dr G Murphy	2
rgen Kreft	2
I. Mason	2
Fred Hutchinson Cancer Research Center	2
James Robinson	2
F. DeLeo	2
Badalona	2
John Kaskow	2
Dr L. Nasir	2
Dag Helland	2
Dr J Bergelson	2
Ralf Bartenschlager	2
Raphael Margueron	2
Amy H. Bouton	2
Dr. Jianmin Zhou	2
Charles Zuker	2
Dr Haifan Lin	2
Mark Taylor	2
Dr Harry Grunstein	2
Andrew Shaw	2
James R. Bamburg	2
Dr. Lalita Ramakrishnan	2
Christopher D. Huston	2
Garra	2
L. Bovet	2
S. Engelender	2
Masayoshi Mishina	2
D. Metzger	2
Lisa McGilvary	2
Terry Orr-Weaver	2
Grigoriev	2
J. Miyazaki	2
Dr. Kimihiro Hino	2
Roland Foisner	2
Robert Vassar	2
Robin Humphreys	2
J. Boothroyd	2
Dr. Steve Tronick	2
B. Striepen	2
Ira Herman	2
Ken Kemphues	2
Andrew Kung	2
Andrew Veillette	2
Stephan Geley	2
Len Stephens	2
Rein	2
Dawson	2
Diana Boraschi	2
Dr. Simon Braschi	2
Mary Ann Handel	2
Joris Messens	2
Y. Sakuma	2
Ewa Wilczek	2
Julie P. Cooper	2
F. Costantini	2
Anthony Fauci	2
Ida Rosenkrands	2
Jan Mierynk	2
T. Sudo	2
David Ron	2
James Hildreth	2
Grant ID	2
Craig Smith	2
Greg Moorhead	2
Michael Welsh	2
Michele Withers	2
Dimitri Krainc	2
Gerd Ritter	2
Titus Barik	2
Kunio Takeyasu	2
Stephen Hoffman	2
Leila Relander	2
Sylvie Mazan	2
Justin Blau	2
Jacque Paiement	2
Stuart H. Yuspa	2
Jeanette Dilley	2
Harald Steiner	2
Kishore	2
Izumi Nakashima	2
Domenico Accili	2
Dr. Oraprapai Gajanandana	2
J. Stevenin	2
Linda Dixon	2
Joshua B Rubin	2
N. C. Brecha	2
Bruce Hay	2
Dr. O. Baba	2
Waldemar Kolanus	2
Dr Martin Gullberg	2
James Crowe	2
Carlitos Chen	2
D. Durocher	2
S. Olander	1
Fabian Van Haelst	1
N. Michaud	1
Fukashi Murai	1
Gunny van den Brink-van Stempvoort	1
A. Kawamura	1
Rakez Kayed	1
J. Cannon	1
Sonja Sabitzer	1
S. Pagakis	1
Danielle Hof	1
Sean Ryder	1
Willem Kamphuis	1
Giorgio F. Gilestro	1
Dr. Anthony Maurelli	1
M. Takahashi	1
Rod Kumimoto	1
ppen	1
J. Carroll	1
P. Petersson	1
Gerhard Dahl	1
S. Herrero	1
Corey Pelletier	1
Charlotte Christie Petersen	1
Dr. Hanne Skiri	1
D. Black	1
Hubert Laude	1
Gorgolyuk	1
Paul Crocker	1
Hanne Jakobsen	1
Thomas B. Friedman	1
Marina Freudenberg	1
Leigh Wilson	1
Joel D. Richter	1
Viktoria Vedin	1
N. Tsai	1
Annick Gionet	1
Andrew Bowie	1
Michael Resnick	1
Guy Vestris	1
Dr. So-ichiro Fukada	1
Scott Givan	1
Van Kuppeveld	1
O. Andreoletti	1
Rinki Saha	1
Derek Thomson	1
D.L	1
Richard Behringer	1
A. Goren	1
Hiroshi Shima	1
Mirate Iraki	1
Discovery Grant	1
Wenhua Xiang	1
Anna Garner	1
Dr. George Bruening	1
John Hallenbeck	1
Lalage Wakefield	1
Yanchang Wang	1
Terri Pietka	1
Lister Institute	1
Job Dekker	1
Dennis J. Selkoe	1
Steve Small	1
Drs Ming-Derg Lai	1
Erin Sikkel	1
HH Loh	1
Tom Jacobsen	1
Francois Guillemot	1
Guoku Hu	1
Carolyn Marie	1
Susumu Hirabayashi	1
M. Itoh	1
Hae-Sook Yoon	1
Maria Marta Facchinetti	1
Mario Amendola	1
smann	1
S. Biggins	1
S. Bonner-Weir	1
rnsson	1
Siegfried Labeit	1
Peter Kao	1
Kenneth Hillan	1
E. Lee	1
Tripti	1
Yoshio Wakamatsu	1
William H. Hall	1
Jim Kadonaga	1
Klaus Gawrisch	1
T. Ohtaki	1
Claudia Wolff	1
Kirsti Solberg Landsverk	1
Kapil Sachdeva	1
Laurie Gilmour	1
Ken Mackie	1
Gary Stormo	1
S. Bernhard-Kurz	1
G.W	1
beck	1
Cathy Mendelsohn	1
Gerald Rubin	1
Shawn Lyons	1
Yuko	1
Dr Ali Hamiche	1
Suzanne McDavitt	1
Weihua Hao	1
M. Agathocleous	1
Eun Shik Choi	1
Stacy Merickel	1
Pat Lammie	1
Vanessa Martins da Silva	1
Ian Willis	1
Charles Luetje	1
Verena Sasse	1
Tassos Pavlopoulos	1
M. Matsuda	1
Winston Bellott	1
Juliette Mathieu	1
Graham Nevill	1
Jilka	1
NIA/NIH	1
D. Lublin	1
Nancy Papalopulu	1
zu Bentrup	1
Robert Zinna	1
P. berghei	1
Jonathan Gilthorpe	1
G. Hime	1
John Burch	1
Selkoe	1
Dr. Oleg Anichtchik	1
Regis Stentz	1
Dr. Funk	1
Teutsch	1
John Doyle	1
Sam Swift	1
Dr. Alexandra Tolia	1
Ching-Hwa Tsai	1
Derek Chiang	1
G. Lawless	1
Dr. K. Anyane-Yeboa	1
S Herrington	1
G. Hunsmann	1
Ingrid Meder	1
Nigel Hooper	1
Byung-Ho Kang	1
BFAM van der Laan	1
Wendy Leavens	1
Dr. Alex Barbul	1
N. Hunter	1
Anja Fischer	1
Simone Bergmann	1
ric Berger	1
Manuela Baccarini	1
Mark Mamula	1
Joe Kramer	1
Chuck Shoemaker	1
Scott Emr	1
D. Young	1
Mukarram El-Banna	1
Dr. Alonso	1
Sanna Siitonen	1
Jeffrey H. Stear	1
Malgorzata Martin	1
Dr. Iva Pichova	1
M. Nielsen	1
Carol Schuurmans	1
Jung-Won Sim-Brandenburg	1
Kozo Kaibuchi	1
Geoff Osbourne	1
Antonius G. Rolink	1
David Rowitch	1
Helga Hoffmann-Sieber	1
Takato Odagiri	1
Silvania M. P. Neves	1
Allen Yang	1
F. van Alphen	1
Amanda Lowery	1
Y. Kawaoka	1
Susan Ozanne	1
Eric Jouffre	1
Betty Chung	1
Hidekazu Tsukamoto	1
Ross Cagan	1
Erin L. Adams	1
John Thomas	1
Ken Cho	1
A. Viale	1
Luminartes	1
Linda Van Eldik	1
B. Vojtesek	1
John A. Alberta	1
S. Nieland	1
Yuichi Ono	1
Gerard Lina	1
Paula Campbell	1
Lu	1
Philip T. LoVerde	1
Helen Mardon	1
Mitsuhiro Yanagida	1
Christian Buchholz	1
Stenmark	1
Peter McGlynn	1
Lise-Lotte Kaiser	1
Dr. K. Gelthorpe	1
Cassandra Shores	1
Liu Guozhen	1
Rick Peppler	1
Michael Ashburner	1
H. Chu	1
G.M.H	1
Spyros Artavanis-Tsakonas	1
Buddy Ullman	1
Anja Goedicke	1
Priscilla Van Wynsberghe	1
Wim Engels	1
Lynn Morris	1
IC Bruce	1
L. Meijer	1
Sanford Simon	1
Anthony Marshall	1
MinKyung Yi	1
Mark Lathrop	1
Dr. E. Weinman	1
Dan Timmons	1
nie des prot &	1
Stephen M. Beverley	1
Lutz Langbein	1
J. de Nooij	1
Heonsik Choi	1
Cecilia Bucci	1
Jana Koth	1
T. Muller	1
Kanokporn Phetdee	1
L. Levin	1
Markus Noll	1
Hideko Uga	1
Elaine O. Davis	1
Petersen	1
Kristin Loomis	1
Yoshimi Takai	1
Kolodkin	1
Sonia Levi	1
Gregg Roman	1
Sudipto Roy	1
Daniel Rockemann	1
Gabriel Martins	1
Guy Rouleau	1
Anastasiya Yermakova	1
Mathias Madalinski	1
Pedro Vasconcelos	1
D. Hipfner	1
Dennis R. Burton	1
Sarah Shoemaker	1
Shigeru Kuratani	1
Saskia Helmsing	1
G. J. C.	1
Fenghao	1
Isabell Schwenkert	1
Dr. George Enders	1
Thomas Feidl	1
Graham F. Hatfull	1
Balmas	1
Thomas Casey	1
Emilie Horvilleur	1
Muriel Minet	1
John C. Hutton	1
Anja Feistner	1
K. Chul Kim	1
David Fisher	1
Charles Vinson	1
Catherine Brayton	1
H. Togawa	1
J. Pham	1
Xiangjun Chen	1
Thomas Gregor	1
Ryu Osugi	1
C. Hardy	1
S. Himmelsbach	1
Tatsuya Segawa	1
H. Z. Ali	1
C. Chaponnier	1
Natalie Prow	1
L. Eckhart	1
Shweta Chaubey	1
P. Henderson	1
Dr. Gabriela Dveksler	1
ImmuneCarta	1
Hisamichi Aizawa	1
Janet Douglas	1
Y. Shu	1
Lih-Jen Chen	1
Dr. Cheng-Yu Lee	1
Dr. W. Clay Smith	1
Steve Riddle	1
Vellore	1
C. Schulze	1
guez Cuevas	1
Jean Metson	1
o Paulo	1
V. Porteous	1
Michael Cashel	1
Marie Galloux	1
Frick	1
Sandra Garraway	1
Yosaatmadja	1
Richard P. Tucker	1
Jinhua Li	1
Dr J. Reed	1
Gerisch	1
Neil Shneider	1
Black	1
John West	1
Jay Horton	1
Lisa Murphy	1
Anne-Grete Myrann	1
P. Spielmann	1
Borko Amulic	1
S. Kumar	1
Elaine Tuomanen	1
Mike Mueckler	1
Britta Jones	1
R. Cagan	1
Josephine Losse	1
Elsio Wunder	1
Drs Joseph Muenzer	1
Douglas Black	1
Huynh	1
Dr. Moser	1
Dr. Guillaume Pidoux	1
Dr. Timothy S. Blackwell	1
Dr. Pyong Woo Park	1
J. L. Mandel	1
Pavel Tomancak	1
Yannick Kremp	1
M. German	1
Peter Kwong	1
Nikolaus Rajewsky	1
Stephen Mayfield	1
Christopher J Fowler	1
Brian Brunk	1
Yuriko Sakamaki	1
S. Frankenberg	1
H. Bauby	1
Roger Vogelmann	1
P. Hieter	1
Sharon Cantor	1
Sabrina Stratton	1
K. Hill	1
V. Chevrier	1
David S Johnson	1
Lutz Haalck	1
Dave Campbell	1
A. R. Bradwell	1
Nancy Philp	1
Y. Zhang	1
Nicolas Aldrovandi	1
Dr. Choji Taya	1
Claudine Pique	1
schen	1
Corinne	1
J. C.	1
Paul Mathews	1
Anne Ephrussi	1
Annabel Grewenig	1
Martin Rowe	1
Mike Matrone	1
S. Tsai	1
JDRF Grant	1
Jikang Fang	1
Yoshihiro Kawaoka	1
Nobuo N. Noda	1
Eveline Weerdenburg	1
Dr. Soldano Ferrone	1
S. Horwitz	1
Genova	1
R. Kelley	1
Bob Heinzen	1
Aymelt Itzen	1
Garay	1
Amy Robinson	1
Jessica Janus	1
Luisa Cutillo	1
Eric Solary	1
Albert Reynolds	1
M. Clore	1
Gaar	1
K. Dane	1
Karuna Sampath	1
Chia-Yang Liu	1
Katherine Ha	1
L. Hwang	1
Bredan	1
David Huang	1
Inger	1
Luc Maroteaux	1
Ron Mitsuyasu	1
oise Zwingelstein	1
Natalie Thorne	1
Iryna Bulyha	1
Wes Sundquist	1
T. Walz	1
William Olsen	1
David G. Pisano	1
F.R	1
Alexis Sarazin	1
Drs Kelly E. Mayo	1
Y. Chowdhury	1
Guido Dallmann	1
Peter Hutzler	1
Rodin Rasoloarison	1
VM Barrientos	1
Andrea Cimarelli	1
Dr. Tsien	1
van Leeuwen	1
Christina Wasmeier	1
Dr. M. Uchijima	1
James Ntambi	1
Yabin Cheng	1
T. Jakobiak	1
Kyoko Higuchi	1
Andersson	1
Mike Tyers	1
Silvio Arruda	1
Hermann Aberle	1
Jean-Jacques Lataillade	1
Suzanne Eaton	1
Colleen Schick	1
Anthony Gard	1
Ralf Erdmann	1
Kamal Bharucha	1
Gene	1
Pr Pierre Ronco	1
CodY	1
oise Cluzeaud	1
Benjamin Howden	1
Moshe Yaniv	1
E. B. Pasquale	1
Michaella Marcincikova	1
T. M. Jessell	1
Martina Hammer	1
Jessica E. Treisman	1
Carroll	1
Dr D. Carnie	1
Dr. Masayori Inouye	1
Tetsuya Sasaki	1
J-C. Barale	1
Kristin White	1
Takashi Kitsukawa	1
Dr. Perry Blackshear	1
Kevin Campbell	1
J. Selegue	1
Veronique Duboc	1
Eric Krukonis	1
P. Greengard	1
Cecilia M. Giachelli	1
Nils Brose	1
Arne Rietsch	1
Markus Stoffel	1
Martin Warmer	1
Silke Robatzek	1
Stephanie Ehnert	1
Adriana La Volpe	1
James Riches	1
Hong Liang	1
C. Redon	1
Francis Berenbaum	1
rgen Wehland	1
Inger B. Kristoffersen	1
V. Patel	1
James Sinacore	1
Isana Veksler-Lublinsky	1
Constance Cepko	1
Beatriz Duran Alonso	1
Gilbert Ahlstrand	1
Patrizia Aimar	1
H. Cooper	1
Robert English	1
nez del Pozo	1
Nouria Hernandez	1
Cindy Yee	1
Desiree Spaich	1
Maximiliano Gutierrez	1
Michael Brownlee	1
Michael Vershinin	1
Dr. Laurent Daviet	1
Kanehiro Hayashi	1
H. Mistry	1
K. Hartung	1
Viral Pathogens	1
Claudia Cosentino	1
Schm	1
Fabian Feutlinske	1
T. Kuo	1
tvei	1
Dr. Hong Qian	1
Erin Borland	1
Marianne Hokland	1
Kagansky	1
H.H	1
J. Frey	1
Jeremy Luban	1
Dr. Love P.	1
N. Luque	1
Daniel Finley	1
Dr. Mark Grady	1
Drs Cori Bargmann	1
Edward B Leof	1
Richard A. Cole	1
N.V. Prasadarao	1
Berthe Rakotosamimanana	1
H. Handa	1
Claus Kerkhoff	1
J. Miller	1
Carlo Orsini	1
Rolf Jessberger	1
Dr George Daley	1
Charles Helmstetter	1
Buchholz	1
Iswa Hariharan	1
Weihong Pan	1
Richard R. Behringer	1
Joanne Young	1
Lothar Stitz	1
Jerry Ament	1
David Tieman	1
Anitha Ponnuswami	1
Frances Hannan	1
Brian McStay	1
Dr. Luis Brieba	1
Donna Fekete	1
Tetsuro Hamafuji	1
P. Talbot	1
Daniela Frade-P &	1
Anita Koshy	1
A. Gajeski	1
Jenny Ng	1
Alexander Tarakhovsky	1
Christoph Geier	1
James Fadool	1
Brand	1
Marilyn Levy	1
K. Herrmann	1
N. Collomb	1
Caroline J. Pennington	1
Danny Brower	1
John Devinish	1
Cary Wu	1
Clay Winterford	1
Leila Aminova	1
Janis Blevins	1
D. Nix	1
Vann Bennett	1
Graham Lieschke	1
Olaf Nielsen	1
I. Dikic	1
Jordan Raff	1
M. Petroski	1
N. crassa	1
Calum Thomson	1
Seth Alper	1
Peter Merrifield	1
Mayo Clinic	1
Paul E. Love	1
Olivier Bensaude	1
G. Kaczorowski	1
Calas	1
M. Kato	1
Tim Self	1
Yves Pommier	1
David R. Bloom Center	1
Dr Nelson Dusseti	1
S. Luschnig	1
Reinhold Schirmbeck	1
Hynek Wichterle	1
Beat Suter	1
Gary E. Shull	1
N. Krogan	1
A. K.	1
Irene Tiemann-Boege	1
S. Heijnen	1
Michael German	1
Nicholas Skinner	1
R. A. S.	1
Clare Rizzo-Singh	1
Dr. Fabien Brossier	1
bert School of Medicine	1
Gunter Blobel	1
Karen May	1
Radoslaw Ejsmont	1
Saraiva	1
Robert Higgins	1
Matthias Hentze	1
Deborah Hoshizaki	1
Drs Judith Green	1
Kavita Mallya	1
Carolina Lenis	1
Kelvin Chuang	1
John	1
K. Takahashi	1
Dr. K. Wycherley	1
F.J.M.v.K	1
Brad Olwin	1
N. Buchon	1
Stan Froehner	1
Jun Liu	1
Dr Clausen	1
R. Karess	1
Magdalena Grzeszczuk	1
F. Peri	1
Dr. Akiya Watakabe	1
M. Al-Ubaidi	1
Vitaliy Androshchuk	1
Joel Anne	1
Michele Laudie	1
Naoko Tanese	1
ric Boyer	1
Paul Henion	1
W. Schliebs	1
Dr. Ruben Donis	1
Douglas Sipp	1
bastien Deneault	1
Addgene	1
Kurt Buchmann	1
Kay Larsen	1
Dr. Tudorita Tumbar	1
Arghyashree Roychowdhury	1
Yunyi Yang	1
S. Wilson	1
Mike A. Venis	1
ois Dubremetz	1
Jeffery Weiser	1
Peter Vize	1
Makoto Yoneda	1
Garnet Martens	1
Hassan Zaraket	1
A. Tarr	1
Permutt	1
Nathanael Gray	1
Anita Rodenas	1
Dr. Valdimir Maslenko	1
Seid Ali	1
J.-P. Kinet	1
S. Wagner	1
Sam Alsford	1
Lei Fang	1
Leslie B. Vosshall	1
David Bicknell	1
P. Minor	1
H. Kubinova	1
Rebecca Calvo	1
G. K. Christophides	1
Keith Burridge	1
Elke Ober	1
Charlie Stanley	1
J.C.L	1
J.C.M	1
Dr B. Grillo-Hill	1
Dr. Lacombe	1
N. P. S	1
B. Thistle	1
Azad Bonni	1
Joachin Clos	1
Dr. Min-Der Lin	1
H. Kimura	1
Ince Dunn	1
Todd Graham	1
Martine Guillermier	1
Drs Takahisa Furukawa	1
Yael Bar	1
S. Clarke	1
Robert H. Costa	1
Anne Cress	1
Dr. Duco I. Hamasaki	1
James F. Collins	1
Maya Capelson	1
A. Sewell	1
K. Oegema	1
Claudia Strein	1
Aileen M. Hutcheson	1
Martin Watterson	1
Thomas Vogl	1
L. Vergara	1
Elisa Izaurralde	1
Elena Kornilova	1
K. White	1
Bernardo Blanco	1
Amanda Adams	1
Sheyun Zhao	1
Moucheroud	1
Manfred Konrad	1
Marian DiFiglia	1
Fabrizio d'Adda di Fagagna	1
Mohamed Jeebhay	1
Inger Vedin	1
Tom Benjamin	1
R.R	1
Bozeman	1
J. Pertusa	1
David Dominguez-Sola	1
Shahram Misaghi	1
Giles Budge	1
Y. Tsunetsugu-Yokota	1
M. Kim	1
Michael Spiller	1
Nirmala B. Upadhyaya	1
Sona Charvatova	1
J. Hayles	1
Carsten Wagner	1
M. B. Bagh	1
Debby Burshtyn	1
Dr. Michelle Kilcoyne	1
Polymune	1
T. Jack	1
J. P. Clancy	1
risch	1
Marita Smit	1
Rolle Rahikainen	1
Carl Flannery	1
Michal Okoniewski	1
I. Chesnokov	1
Haruhiko Koseki	1
Juergen Schlegel	1
Kecia Grant	1
Teresa Gonzalez	1
Bart De Strooper	1
Anja Hennig	1
Sarah Sertic	1
Christos Delidakis	1
Maureen Gannon	1
Cat Ray	1
Ploufragan	1
Makoto Sato	1
Katharina Trunzer	1
Mrs. Chiara Bernardini	1
William Browne	1
Cancro	1
Avgi Tsolou	1
Barbara Leuchs	1
Cazalla	1
Colin Masters	1
Catherine Carr	1
Craig Cameron	1
Aldons J. Lusis	1
Mary Foss	1
Jonas Perales	1
Dani 's Foundation	1
J.Porwisz	1
Kazuo Kobayashi	1
Mary E. Kosinski	1
Jerry Meyer	1
Kirill Martemyanov	1
Paul Bornstein	1
Christoph von-Eichel Streiber	1
Anneke van Hees	1
Wylie Vale	1
rck	1
Jessica Broadhurst	1
Liam Williams	1
G. Hahn	1
M. Bouloy	1
G. Griffiths	1
Emma Rigby	1
Christos Stefopoulos	1
Hideki Takahashi	1
Gerd Lillian Hallseth	1
Lydia Visser	1
Caroline Godfrey	1
Barbara Holstermann	1
Michael Reese	1
JrGang Cheng	1
Charles Samuel	1
R.J.M	1
M. Fresno	1
E. Laufer	1
M. Cockman	1
A. Bernadac	1
Robert F. Margolskee	1
Steen H. Hansen	1
Gavin	1
Opticin	1
Femke Simmer	1
Daniel Bogan	1
phane Chaffaux	1
Dr M. Cella	1
M. Backovic	1
Von Holst	1
Dr. Douglas Black	1
Shih-Tung Liu	1
Hochschule Lausitz	1
Dr. Tran	1
Maher	1
Didier Picard	1
J. Barrish	1
R. Kemler	1
A. Hasse	1
Klaus Ersfeld	1
Katrin Schorr	1
Vincent Geli	1
D. Foltz	1
Hisato Kondoh	1
R.A.	1
Databank	1
Marcos Gonzalez-Gaitan	1
R. White	1
Paul Patterson	1
Ian Cheesman	1
C. Steppan	1
Rolf Kemler	1
Marie Curie Fellowship	1
J. Nimpf	1
R. Kagayama	1
Harry Greenberg	1
Nadeen Brown	1
Gao	1
Andreas Weiss	1
Claudia Bergow	1
Itzhak Fischer	1
Shyam Sharan	1
Margit Burmeister	1
Adriana Villella	1
Dr. Marco A. M. Prado	1
Go4theGoal	1
Athanasios Typas	1
Ingeborg Albrecht	1
Richard Elliot	1
Dr. Ji-lao Fan	1
Mark Prichard	1
Berta Franke de Cazzulo	1
C. Mummery	1
Dr Annarita DeLuca	1
Stephen Kempf	1
Nathalie Dussault	1
Colin Stirling	1
Steven Pelech	1
Nancy Bonini	1
Daniel Laborde	1
Rhoda Ashley	1
Michael L. Reese	1
Pedro Herrera	1
Mary Lonergan	1
Chris Knight	1
Endocrinology	1
Melis Kayikci	1
Iain Sturges	1
P. Rostaing	1
A. Schweitzer	1
Ben Reeve	1
Dave Gillespie	1
Dr. J. E. Johnson	1
J. Marcos	1
Rob Klose	1
Jennifer Nuessen	1
Vimala Devi	1
Andrea Duina	1
Edmond P Cribiu	1
Martine F. Roussel	1
N.K	1
Naur Kayali Sayadi	1
Yuko Mimori-Kiyosue	1
Martine Gogarty	1
Arthur Michel	1
Hughes	1
Nathalie ter Hoeve	1
oise Bleicher	1
A. Brestscher	1
Lars Folkow	1
Ruth Gimeno	1
Joseph Ilan	1
Norton	1
Dominique Nicolas	1
Christopher D. Richardson	1
Jun Aruga	1
Shannon Chandler	1
Dr. Weidong Wang	1
Paul Galardy	1
J. Marasa	1
Y. Wang	1
Man-Sun Sy	1
Dr. Vazquez-Levin	1
Simone Thierfelder	1
Scott Pletcher	1
A. Mansy	1
L-J Lo	1
Lisa Hannah	1
Chantal de Chastellier	1
Susan Straley	1
J.P.G	1
Fabio Morellini	1
Dr. Alessandra Pierani	1
Gratitude	1
George Stark	1
M. van der Wetering	1
ureo Almeida	1
Benoit Bruneau	1
Ward Coppersmith	1
T. Edlund	1
Alix	1
D. Matthieu-Mahul	1
Dr. G. E. Palade	1
Joanne Albrecht	1
Dr. Judit Pogany	1
Mello	1
Pierre-Olivier Vidalain	1
Homayon Ghiasi	1
John Jaenike	1
Michael Boyles	1
S. Carroll	1
Phil Beachy	1
Strickland	1
oise Dantzer	1
Ron Gordon	1
Jonathan Hodgkin	1
David Forsthoefel	1
D. Klein	1
Sebastian Winter	1
Susan Magargee	1
Jer-Sheng Lin	1
Smithville	1
L. S. Shashidhara	1
.Erin West	1
K. Kawakami	1
Hanswalter Zentgraf	1
Anna Floyd-Averette	1
M. Mueckler	1
Elsa Abranches	1
Dr. Xue-Chu Zhen	1
Francisco Pereira Lobo	1
Boone	1
Danielle Gulino-Debrac	1
Alan R. Prescott	1
Chieko Okuda	1
S. Claverol	1
Serge Rivest	1
Brigitte Jaunich	1
Dr. M. Hazekamp	1
Dr. Neena Haider	1
Lars Jansen	1
Wendy Gray	1
Katja Schneider	1
Sandro Banfi	1
Thomas Shenk	1
J. Sodroski	1
Abraham	1
Geoffrey Palster	1
Methusalem	1
Andrea Triendl	1
David Wilkinson	1
K. Xenos	1
Marlene Rabinovitch	1
Jinhong Chang	1
Patricia Kane	1
Alan Sharp	1
X. Zhu	1
Drs J. Lippincott-Schwartz	1
Van Nuys	1
Theresia Stradal	1
Mike Stower	1
Christopher Tonkin	1
Doherty Post-Doctoral	1
Melissa Chimento	1
Victor Jin	1
Bjorn Nordenstrom	1
J. Viili &	1
Debra Townley	1
S.L	1
Shalina	1
Daniel Schachner	1
Ruggero Pardi	1
Khoo Lab	1
Max Nanao	1
Yoshiko Inoue	1
C. Montell	1
Raymond Deshaies	1
K. Inoue	1
Ulla Hedlund	1
Richard C. Davis	1
Ari Helenius	1
Gabriella Campadelli-Fiume	1
Sakina Thawer	1
Drs JH Miner	1
William C. Smith	1
Christina M. Annunziata	1
Richard Morrison	1
Whitehead Institute	1
Jiong Wang	1
Ferreira	1
Sabine Buchmeier	1
ve Dujardin	1
Enrique	1
James Goodrich	1
Ken Shortman	1
Deutsche Bundesstiftung	1
Vanessa M. dos Santos	1
T. Kao	1
Torsten	1
Quentin Gilly	1
G. Radice	1
Rafael Nunez	1
Gabriel Ross	1
Virander Chauhan	1
Susan Wray	1
Daniel E. Goldberg	1
Lance Buoen	1
Virgil	1
Ismeta Curkic	1
David Jackson	1
Rolf Mueller	1
Deborah Garrity	1
Shigenobu Yonemura	1
Kirk Thomas	1
Nick Guthrie	1
Dr. J. Ciarkowski	1
Amy Camp	1
K Furukubo-Tokunaga	1
Anja Pohlmann	1
Howard Gill	1
Lynn Rowley	1
Brian Ahmer	1
Casey Spiller	1
Ai Leng	1
Geula Gibori	1
Wieschaus	1
Murphy	1
Henning Otto	1
S. Tajbakhsh	1
M. Furlan	1
Max Planck Institute	1
Gary Ward	1
Ursula Seidler	1
Tony Hunter	1
Marco Gonzalez-Gaitan	1
Dylan R. Edwards	1
Anne Simpson	1
Nicholas Olivarez	1
F. Ruggiero	1
Barbara Nerima	1
Kathrin von Oheimb	1
Michael Casey	1
Alfredo Villasante	1
J.F.P.W	1
Satoshi Ogawa	1
Marilyn Tyler	1
Tamsin Lannagan	1
Dr. Sahasrabuddhe	1
Dr. Mariona Arbones	1
Paul Davies	1
Dr. Enric Espel	1
Ramona Morales	1
Frances Sladek	1
Rodrigo De Marco	1
Drs Vincenzo de Paola	1
H. Miller	1
a de la Vega	1
Drosophila	1
J. Saide	1
Denise Escalier	1
Yasmine Belkaid	1
E. Bouhassira	1
Patricia Gaspar	1
Dr Loraine Campanati	1
Michael Simon	1
Drs Jeffrey Moley	1
Haeryoung Kim	1
M. Moniatte	1
F. Hiou-Tim	1
Sophie Skarbek	1
Trond Toldnes	1
W. Mages	1
Prof. B. Zwanenburg	1
R. Manz	1
Kai Yan	1
Dr. Yufei Xu	1
Marianne R. Lewis	1
C. Miranda	1
Dennis Goebel	1
Jim Powers	1
Barbara Jennings	1
Silvia Ghezzi	1
Kevin Guillemeau	1
Jinghao Sheng	1
F. D. Schubot	1
Accelrys	1
Rodolfo Marquez	1
Dr. Atanasio Pandiella	1
Celine Gelinas	1
R. Mann	1
za Antalffy	1
Reinhard Stocker	1
David Sibley	1
Shared Instrumentation Grant	1
Rob AI de Vos	1
Sheila Francis	1
C. Kaiser	1
Heidi Bosse	1
Robert Glaser	1
Wayne Lautt	1
Harry Dettmering	1
Chris Hill	1
Yoshinobu Okuno	1
Junying Yu	1
Manuel Irimia	1
Loic Cosset	1
Stefanie Schwager	1
Nathan Davis	1
Pietro De Camilli	1
Brian Kay	1
Eligio Bossolini	1
Lene Aalbeck	1
Carl Herrmann	1
Dr. Halperin	1
Jacques Grosset	1
Anett Hientzsch	1
Hiroaki Wake	1
U. Nehrbass	1
Salmonella	1
Andrea Brand	1
Ms. Qiuxia Guo	1
M. F. Wolfner	1
A. Gossler	1
d'artillerie de Commercy	1
Michiko Fukuda	1
Anne Salo	1
Alexander Strunnikov	1
David Ornitz	1
Sabrina Schumacher	1
Richard Kibbee	1
Veenstra	1
Sven Hammerschmidt	1
Villejuif	1
Christine Clayton	1
Andrea P. Rodrigues	1
A. Hinnebusch	1
Michael B. Bass	1
X-F Yu	1
Jeffery Salisbury	1
Dr. F. Jacob-Dubuisson	1
M.	1
Group Grant	1
Axel Imhof	1
Rajeev Mehla	1
W. Harrison	1
M. Carpenter	1
Michael R. Botchan	1
Giovanni Bosco	1
Fredericke Hannes	1
Martin Lowe	1
Ani Vardanyan	1
Harvey McMahon	1
Thomas Scholzen	1
Tony Shermoen	1
Sheffield	1
Anett Czigledszky	1
Hiroshi Kataoka	1
Dr. Mark Wu	1
Anne Marcil	1
Berg	1
Tony DeMaggio	1
B. Pozetto	1
John Curd	1
Francis	1
Natalia Riob &	1
Alexey S	1
R. Mancini	1
Project Grant	1
Olga Hnilickova	1
Cristel Snijckers	1
Alessandro Vindigni	1
Andy Yuan	1
Mathilde Grelon	1
Fred D. Finkelman	1
Sean Peterson	1
Steve Russell	1
Victor Nussenzweig	1
Richard Rubenstein	1
Drs Marc Ginsberg	1
Jasper Rine	1
A. Garrido	1
Rebecca Hussey	1
Giulio Spagnoli	1
Dr. Pintor-Toro	1
I. Jackson	1
Diasuke Kitamura	1
Ben Gaston	1
Dmitri Loukinov	1
Michael Cleary	1
J. Guinan	1
Cellins Vinod	1
R. Zorec	1
Inger Damon	1
Elmar Schiebel	1
Ben Ze'ev	1
Jerome Garrigue	1
Gerline Layh-Schmitt	1
B. Edgar	1
Stefan Eriksson	1
whish	1
Dr. Cyril Zipfel	1
Nathalie Bonnefoy	1
Jordi Torres-Rosell	1
J. Allen	1
Dr. Hua Lu	1
Kaoru Saijo	1
Joanne Morris	1
Christin Stottmeister	1
B. pinnipedialis	1
T. Takino	1
Tarkowski	1
Davis	1
Jean-Paul Chauvin	1
F. V. Chisari	1
Irene B. Nielsen	1
A. Bergmann	1
Stefano Piccolo	1
Monika Weiss	1
Domingos E Pitta	1
Lucia Spath	1
W. Lance Martin	1
Eileen Parks	1
Gotam	1
Susan Lawson	1
Chris Souder	1
Susie Nakao	1
Nobuaki Takahashi	1
Jari Metso	1
Jeremy Herren	1
Kurtis Swekla	1
Daniela Boassa	1
Peter und Traudl Engelhorn Stiftung	1
John Lis	1
A. Bergman	1
Redmond Smyth	1
Paul Adler	1
Scott Garrett	1
Peter Moore	1
Dee Fulford	1
Rainer Renkawitz	1
John Collinge	1
Elise van Haastert	1
Johanne Le Duff	1
Dr van den Elsen	1
Isabelle Derre	1
B. Anderson	1
NIH/NIDDK	1
Paul Bieniasz	1
Doug Melton	1
Greg Payne	1
NV Giridharan	1
Dr. A. Stan	1
P. Englund	1
Noriko Fujiwara	1
Rachel Gregory	1
David Elliott	1
Fabio Jorge Moreira	1
Nguyet Le-Minh	1
Drs Takashi Miki	1
Claudia Conrad	1
Bridget Puffer	1
Jaqueline Dudley	1
Drs K. Abe	1
Nick Moss	1
S. Robinow	1
O. Ouerfelli	1
Klaus Willecke	1
K. Rehn	1
Darrell Bigner	1
Geoff Kneale	1
Minu Chaudhuri	1
Ingrid Nylander	1
Qi Wang	1
C.V.	1
Nationales Genomforschungsnetz	1
Chad Johnson	1
Grant Numbers	1
W. M. Durning	1
Marc E. Tischler	1
Nicole Simonavicius	1
Silke Kappler	1
Dr. K. S. Kim	1
V. de Lorenzo	1
A. Amon	1
Marie Escher	1
Walter	1
G. Chandra	1
Karen Smith-McCune	1
M. Labouesse	1
O.N.L.U.S	1
Jennifer Musyoki	1
Wakita	1
Robert Debuchy	1
L. Luo	1
Reinhard Rachel , Centre	1
S. Nieschlag	1
James J. Lee	1
Jane Wright	1
rgen Goetz	1
S. Warwood	1
W. Liang	1
Andrew S. Greenberg	1
Rupangi Verma Puri	1
Pauline Crewther	1
Haig Kazazian	1
Cam Patterson	1
Roland Beckmann	1
Pasteur Institute	1
Catherine Bachewich	1
Tanja Scherrer	1
M. Jonikas	1
William Kelly	1
Herman Waldmann	1
Dr. Jose Ribeiro	1
A. Murray	1
Danny Schnell	1
Gianluca Vago	1
Hiroshi Okamoto	1
Clive Bunn	1
A. Bianchi	1
Beatrix Fauler	1
Tamas Revesz	1
Peter Sandmeier	1
Bengt Olle Bengtsson	1
Maria Grazia Ciuffolini	1
A. Behrens	1
Stylianos Michalakis	1
Alexandra Durr	1
Kelle Moley	1
Richard L. Maas	1
Sf1	1
M.S.W	1
Inbar Maayan	1
Dr. Thomas	1
Ricardo Ramos	1
Tetracore	1
Graeme Mardon	1
Dr. Vineeta Bal	1
Ulla Kiiskinen	1
Dr. A. Toreno	1
sseldorf	1
M. Carmo-Fonseca	1
Renate Dildrop	1
A. Amara	1
S. Gilfillan	1
Bernardini	1
Paul Lambert	1
Mick F. Tuite	1
Yi Gu	1
Dr Kostantin Dobrenis	1
Hannes Tittlbach	1
Daniel Pinschewer	1
N. benthamiana	1
M. Mirande	1
Julia Ellis	1
Staminali	1
John F. Fabre	1
Amy Wetzel	1
Paul Keim	1
David Price	1
B. Richardson	1
M.G.M	1
Sabine Prugnaller	1
A. Ono	1
Greenall	1
Carl-Henrik Heldin	1
Roger Y. Tsien	1
Su Chung	1
C. Genin	1
A. Ricci	1
M. Biel	1
Michel Bornens	1
Julie Brill	1
Bruce Bowerman	1
Deborah Nicoll	1
Robert Margolskee	1
Giuseppe Viglietto	1
Milica Sevo	1
C. Garrison Fathman	1
Mantovani	1
Makoto Kimura	1
D. Vestweber	1
Nikita Makretsov	1
John Forsayeth	1
Christine Morrison	1
Pattama Wiriyasermkuland	1
Kristi Guinn	1
Pierre Colas	1
Giovanni Di Guardo	1
Shelly Gulati	1
Rong-Zong Liu	1
Susan Swain	1
Pelicci	1
Nikhat Parveen	1
J.L.P	1
Wilma Lau	1
JDRF	1
Karel Dorey	1
P. H.	1
Jackie Cheung	1
Robert Fernandez	1
Stefanie Bauer	1
Drs R. Matsuda	1
P. D. Mehta	1
Gilad Bachrach	1
Volkhard Lindner	1
T-W Wang	1
C. Kenyon	1
Peter Jungblut	1
B. Thacker	1
St. Paul	1
Alice Warley	1
Francoise Bex	1
Amanda Starr	1
Roland Lill	1
rlich	1
R. Yano	1
Dr. Antje Rusch	1
Dwane Gubler	1
Johannes Schmidt	1
Motoko Noguchi	1
Dr. Brent Rupnow	1
Alain Verreault	1
D. Ensergueix	1
James T. Ryaby	1
Dario R. Alessi	1
Guy Schiehser	1
Charente	1
Drs Ruth Ashery-Padan	1
Helen Dimaras	1
Dr E. Bongarzone	1
Dr. Matsuzaki	1
Gerald Fink	1
Helma van den Berg	1
hybridoma	1
L. A. Baena	1
Karla Neugebauer	1
A. Gavriil	1
Louise Larose	1
Diana M. Posadas	1
Harald Hess	1
H.Turley	1
Olga Pontes	1
Dharam Ablashi	1
Evie Melanitou	1
Otto Haller	1
Eileen Chow	1
Josephine Lee	1
Allen	1
Marks	1
Ana Ricci Nielsen	1
Prof. Jaime Garcia-Anoveros	1
Ann-Sofie Nilsson	1
David Langelaan	1
Eric N. Olson	1
T. Hashimoto	1
Elizabeth Jares-Erijman	1
Duncan	1
Ballesta	1
o Rodrigues	1
Prof. Griswold	1
Dr. Tomes	1
Jeff Errington	1
Teagasc	1
Julie Johnston	1
Jay Hooper	1
Ludvig Hallberg	1
John F. Kearney	1
Richard Day	1
Birke Bartosch	1
Y. Ariav	1
J. Gaudet	1
K. Ullman	1
C. Delphin	1
Kathleen Buckley	1
Juan Ortin	1
J. Hasseman	1
David Hyde	1
Tanya Rozovskaia	1
Marco Testori	1
Christine Forbach	1
Andrew Sharrocks	1
Thomas Schimmang	1
Gayatri	1
Mauro Emolo	1
M. Yoshida	1
Enno Hartmann	1
Ian Simpson	1
Mitsuru Abo	1
Susan Quirk	1
Cincinatti	1
T. Maqbool	1
Hiromi	1
Jaques Robert	1
Juri Schklarenko	1
Walter J. Gehring	1
Gill Rumsby	1
Ernest Borden	1
Josh Shafer	1
Megan O'Hare	1
D. Clegg	1
Gygi	1
Barry Coller	1
Berit Blendow	1
Raphael Bleiler	1
Eric Jenczewski	1
Ethan M. Shevach	1
Amy Lee	1
Thilo	1
Silmara Reis Banzi	1
Peter J. Sims	1
O. Bensaude	1
Manish Grover	1
Dr. George	1
Jeffrey Peterson	1
Chitoshi Takayama	1
Sandra Moshonov	1
Sousa	1
Rachael Perez	1
Marco Forni	1
James E. Crowe	1
Dr. Hung-Teh Kao	1
B. Polack	1
H. Stenmark	1
James Briscoe	1
W. Zimmermann	1
Bronwyn M. Kenny	1
F. Vaillant	1
Michael Kalloniatis	1
G. Morgan	1
I. Fischer	1
Michael Bannon	1
A. Mataruga	1
Asha Nair	1
G. Labesse	1
Beata Schmidt	1
Sylvia Gutierrez	1
E. van Bergen	1
J. Slavik	1
Sheau-Yann Shieh	1
L.E	1
E. Caussinus	1
Dr Fabienne Rajas	1
Anne Genissel	1
Josep Clotet	1
Marco Colonna	1
Eileen Devaney	1
Rui Pinto	1
n Areces	1
Dennis Young	1
Gianvito Martino	1
Bruno Lemaitre	1
Marco Capogna	1
Tomas Kloosterman	1
Yoshio Misumi	1
Leslie Griffith	1
Kim Jefferson	1
Daniel Abebe	1
Peter Burbach	1
Eric Neilson	1
S.K	1
Jana McBride	1
Kiersten Darrow	1
B. Zheng	1
Lawrence Donehower	1
Thomas Gudermann	1
Hung-Hsiang Yu	1
Paul Allen	1
Michael L. Robinson	1
L. Gentile	1
Vern Carruthers	1
Vivian Lien	1
Max von Pettenkofer-Institut	1
Jean Lee	1
Laurence Colleaux	1
H. Wang	1
Verity Hill	1
Clare Isacke	1
Birgit Roed	1
Teresa Sawyer	1
ric Barras	1
Kusov	1
Nandashree	1
Ralph Buttyan	1
Jean-Francois Bureau	1
ANPCyT	1
Darren Briscoe	1
Hai-Ping Cheng	1
Johannes Kohl	1
L. Y.	1
C. Grimaud	1
E. M. Wesseling	1
R. Freudl	1
Yi Rao	1
Karsten Rippe	1
T. Serio	1
Tim-Henning Humberg	1
Stuart H. Orkin	1
Makoto Yanagisawa	1
Koichi Tanaka	1
phanie Blandin	1
Sulis Seedcorn	1
J. Lykke-Andersen	1
Chamberlain	1
Bruno Stieger	1
Carola Schneider	1
Julie Conway	1
M. polymorpha	1
Jane Kott	1
I. Levitan	1
Dan Foltz	1
Leon Flanary	1
Martin Fenner	1
J. Minnion	1
E. Sanchez Herrero	1
Wu	1
Joost Holthuis	1
Dr. Juan Jose Cazzulo	1
Guillermo Marques	1
Bellemare	1
Nancy Wilson	1
Michael Lichten	1
Lin	1
Cecilia Lo	1
P.H.L	1
Karel de Gendt	1
Spiro Getsios	1
Fred Sweep	1
J. T. Wong	1
James K. Wahl	1
Bernd Bukau	1
Dale Laird	1
Robert Roeder	1
Thomas Blumenthal	1
Palanimuthu Ponnusamy	1
Handel	1
Dr. Lindsey D. Mayo	1
Colleen Bindloss	1
Bob Barstead	1
Yuko Ogata	1
Richard J. Kline	1
C. T. Chien	1
A. Melero	1
Hyun Ok Kim	1
Vince Tropepe	1
Francois Rouyer	1
goire Vuagniaux	1
George J. Broze Jr	1
Covance	1
Dr. J. Buck	1
Gottschalk	1
Vivek Peche	1
Luis Polo	1
Brian Brooks	1
Celso Gomez-Sanchez	1
Kathie-Ann Walters	1
Johanna Fischer	1
Kenneth Dunner	1
Paul Talbot	1
Dominique Kaiserlian	1
Paula Vazquez	1
Dr. P. Petrusz	1
Barbara Blacklaws	1
cio	1
Evandro Chagas Institute/Fiocruz	1
Jim &	1
Jelle van Zweden	1
Maarten de Jong	1
OyaGen	1
M. Aebi	1
Riccardo Manganelli	1
Patrick Tremblay	1
Irene Vetter	1
Don Sakaguchi	1
Gunnar Von Heijne	1
Judith Green	1
Karen Reue	1
Andrea Dannullis	1
Ana Rodrigues-Martins	1
Andrew Stewart	1
Tetsuro Ikegami	1
Akira Oda	1
Christian Eggers	1
L. Rowe	1
Renaud Lesourne	1
Emiliani	1
Mathias Ziegler	1
Michael Smiga	1
Mariana Klett	1
Harlow	1
Dr. Federico Coluccio-Lescow	1
Francoise Porteu	1
Nathaniel Heintz	1
Moon Nahm	1
Lonny Levin	1
John Hagan	1
Fatou Ngom Gueye	1
Lieberman	1
Antonina Frolova	1
Dr. Jian	1
Hansen	1
Doris K. Wu	1
Susumu Kusunoki	1
GK/Par	1
C.M	1
Helge Grosshans	1
Adriane Joo	1
Rosemary Clark	1
Mr. Chi Luo	1
Darren Baker	1
Brian Perkins	1
Eric Swindell	1
Ammasi Periasamy	1
Neurobiology	1
Miles Wilkinson	1
P. Mulineaux	1
Institut de Pathologie	1
Magdalena Mietkowska	1
R. De La Fuente	1
Yu Liu	1
Vandana Yadav	1
Denis Duboule	1
P. Martin	1
Mifang Liang	1
Julien Cau	1
Craig Dorrell	1
Simon Monard	1
Derek Nolan	1
Boothroyd	1
Kazuko Kiyama	1
Nouzilly	1
Ron Plishka	1
John Shea	1
Kong-Yeng Tseng	1
Lars Karlsson	1
S. Diderichs	1
Beat Riederer	1
Alessandro Puoti	1
Klaus Lingelbach	1
Marheineke	1
Sandra Wolin	1
Florian Gunzer	1
E. Hoffmann	1
A. Raya	1
M71-IRES-taulacZ	1
Frank Voncken	1
Marie Jure-Kunkel	1
Tsutomu Nohno	1
Dr. A. Hemmati-Brivanlou	1
Marion Schmidt	1
Benjamin Franklin	1
Laurent Depret	1
C. Clegg	1
Ravichandran	1
E. Jansen	1
Makoto Iwata	1
Alberto Medina	1
Ronald Roepman	1
Transferrin	1
Mick Bosilevac	1
Kees Straatman	1
Takuhiko Akatsu	1
Aaron Mackey	1
Evy Hillenbrand	1
Gunar Lindahl	1
Rachel Dusek	1
Gouret	1
Drs T. Van de Water	1
Dr. C. H. Lee	1
Marlen Landschreiber	1
Francesca Bosetti	1
Nardou	1
Sarah Feldkirchner	1
Stewart T. Cole	1
I. Vlodavsky	1
A. Ahlander	1
Mirjam Eckert	1
H. Fu	1
Sabine Kaltofen	1
Joseph Bertelsen	1
Devin Tesar	1
Lene Bregnholt Larsen	1
Michel Leroux	1
Marzia Giagnacovo	1
tima Duarte	1
E. L. Weiss	1
Doron Ginsberg	1
Louise Wakenshaw	1
Alex Schier	1
Dr. Mirian Domenech	1
M.R	1
Dr. Anjali A. Karande	1
Ismo Virtanen	1
Peters	1
Dipa Natarajan	1
Yuji Guo	1
M.L	1
Lara Strittmatter	1
Stacy Mazzalupo	1
Kate Strand	1
Singh	1
M.F	1
Kathleen J	1
Emmanuel Tetaud	1
Oriano Marin	1
Matthew Schwartz	1
Andrew Bailey	1
Steve Jackson	1
S. I. Goodman	1
Sheo Singh	1
J. Lesperance	1
Lorraine McElhinney	1
Karen M. Wassarman	1
Donna Arndt-Jovin	1
M. Buescher	1
Laura Raff	1
Eric Hines	1
Jessica Treisman	1
Dr. Federica Sallusto	1
Dr. Hiten Madhani	1
Ulrich Thomas	1
Iain Manfield	1
N. Prasadarao	1
Christophe Redon	1
Gary Nabel	1
Richard Baines	1
Stanley Kim	1
Keith Parsons	1
Masato Kanemaki	1
P. Moens	1
Robert Steele	1
Tina Stratmann	1
Dmitry Nurminsky	1
John Ashton	1
D. Rubinsztein	1
Miriam Domowicz	1
D. Yu	1
A. Okagaki	1
C. Freeman	1
Dr. S. Lowe	1
Paul H. Weinreb	1
Dr. Raik Wagner	1
Josef Meyer	1
Roger Wiggins	1
G.D.	1
Anja Muskulus	1
U. Stadlbauer	1
Liisa Arala	1
Jan Schellens	1
Hajime Karasuyama	1
J. Ryan	1
F. Ruffenach	1
J. Bara	1
Doug J. DeBoer	1
Benhur Lee	1
S. Elworthy	1
Chen Huang	1
E. Diamandis	1
Russell Delgiacco	1
Eric Wagner	1
James Cook	1
Deborah McClellan	1
D. J. Miller	1
Morgenstern	1
Urban Johanson	1
Dr. J. Jonkers	1
Kevan Shokat	1
Chris Preston	1
Mei-Ru Chen	1
Charbel Bouez	1
Rok Romih	1
Heather Broihier	1
David R. Mason	1
Lilianna Solnica-Krezel	1
Sigrid Seelmeier	1
Dr. W.D Zollinger	1
Christian Herbaut	1
Sara Norton	1
Dr. Jose R. Pardinas	1
J. Suwanpradid	1
Jeremy Taylor	1
V. Schreiber	1
L. Traub	1
Jenson	1
Dr. Martin Weigert	1
Brendan Crabb	1
Wendy Neckameyer	1
Dr. Tobias Spielmann	1
Maria Stenger	1
T. Pietschmann	1
Mohan Viswanathan	1
Elena Migens	1
Christian Kranz	1
Moley	1
Dale Whittington	1
Vineet N. KewalRamani	1
Amanda Hoyt	1
Akeo Shinkai	1
Mann	1
Maria V. McCrossan	1
Mark Gambleton	1
Tahira Lemtalsi	1
Alex Maier	1
Keri Siggers	1
UPenn	1
A. d'Azzo	1
Susan John	1
Dr. Lorenzo Capucci	1
Nico Strohmeyer	1
N. Chalard	1
Leif Ellisen	1
Craig Heilman	1
Andre Laughinghouse	1
Marc-Jan Gubbels	1
L. Kohl	1
Ted Duffy	1
Robert Webster	1
Paul van den Ijssel	1
Dr. Merja Roivainen	1
Paul Koppen	1
Miles Epstein	1
Joanne Widom	1
Donald D. Newmeyer	1
Jennifer Thweatt	1
Nicola Neretti	1
Elisabetta Ullu	1
Lee Shaughnessy	1
Elena Nicolis	1
Philip Hinds	1
Frank Grosveld	1
W. Krek	1
Katja Wassmann	1
Carol Gross	1
J. E. Donelson	1
Maud Forsberg	1
Brian Vendelbo Hansen	1
Bruce Caterson	1
Mathias Seeliger	1
Sylviane Daniel	1
Chikako Aoki	1
Oliver Staub	1
O. Haller	1
Gordon Langsley	1
Joan Keutzer	1
Fan Yang	1
Manfred Rohde	1
Ziopharm	1
I. Klima	1
Utpal Banerjee	1
E. Rieder	1
Stephanie Balcaitis	1
Mary C. Williams	1
Dr. L. Slomianka	1
Merja Tyynismaa	1
Matthew B. Wheeler	1
Peter Kalivas	1
Dra	1
Dr. Hirotaka	1
Dr. Pukatzki	1
J. Thomas	1
A. Carruthers	1
William W Hall	1
Tanya Stoyanova	1
Stephanie Mohr	1
Almeida	1
M. Swallow	1
Ian Clarke	1
ller-Taubenberger	1
Russell Vance	1
Charlotte Collins	1
Hiroshi Nakato	1
Peter Lobel	1
Elizabeth Kornaga	1
James Hadfield	1
B. Moury	1
Dr. S. Abeytunge	1
Michael Hogardt	1
Norris McGowan Trust	1
Aenoch Lynn	1
N. Barth	1
Annette Bistrup	1
N. Saito	1
Michael Diamond	1
J. J. M.	1
Donna McCabe	1
Marcia Moss	1
M. Zerial	1
Brian Bell	1
Xavier Jeunemaitre	1
Tsien Hsu	1
Isabelle Gy	1
S. Boulton	1
Simone Braeg	1
S. Kusunoki	1
Dr. Nevil Singh	1
Y. Kikuchi	1
Dr. Karsten Skjoedt	1
N. Minsky	1
Larsson	1
Stefania Rosito	1
Romain Servouze	1
Jan Vrana	1
Peter Maltezos	1
David Baker	1
Susana Gea	1
M. Marsden	1
Kelly Teal	1
S. Benzer	1
M. Burmeister	1
Dr. Rui Sousa-Neves	1
Shannon Kelleher	1
Sergio Moreno	1
Van Doorsselaere	1
Patrick Molina	1
Sylvia Evans	1
Simon McCallum	1
T. Hummel	1
Elfriede Eckert	1
M. Collins	1
S. Finger	1
Girault	1
Dr. Fernando Gabler	1
Katarina Gell	1
Christopher Overall	1
Quintin Lau	1
Clive Wilson	1
Dr. J. Niwa	1
Jessica Von Stetina	1
Michael Mersmann	1
Dr. Jing-Pian Peng	1
Lorena Arroyo	1
Dr. Fraziska Richter	1
R. Stemmler	1
Jean-Louis Mandel	1
Mandy Roscher	1
Arturo Zychlinsky	1
mica	1
Drs V. Lazar	1
Ana Rita Costa	1
Ahmed Fatmi	1
N. Saint Laurent	1
Bartoszewski	1
Kazuko Nishikura	1
Robert Schreiber	1
S. Bechtel	1
James DeGregori	1
U. Sandaradura de Silva	1
J. Forman-Kay	1
Danny Reines	1
K. Mauro	1
Marta Murphy	1
K. Yoshikawa	1
M. Brand	1
I. Kadow	1
B-1000 Bruxelles	1
M. Bonrouhi	1
Ayad	1
Si-Hua Mao	1
Horvitz	1
Kasia Kania	1
James Palacino	1
B. Hughes	1
S. T.	1
Pascale Doutriaux	1
Mark Hochstrasser	1
immunocytochemistry	1
Karel Riepema	1
Lai	1
C. Ashiono	1
Reichert	1
Dr. Garnett	1
Philip Crosbie	1
Thomas F. Jeffress	1
Friedrich C Luft	1
K. Sarvanan	1
Christine Siegmund	1
A. Jerse	1
Sheldon	1
Robert McMaster	1
Dr Gabor Linthorst	1
Laurent Menut	1
M. Denison	1
H. Rangone	1
Paul Ciclitira	1
M. marinum	1
Mark McNiven	1
peau	1
Javad Farahani	1
Tanya Subkhankulova	1
Olga Calvo	1
A Hofmann	1
K. Tundwal	1
Veronica Rodrigues	1
Juergen Kleinschmidt	1
David Vu	1
C. Meisinger	1
Jorge Vieira	1
John Cobb	1
Keiko Hirono	1
Martine De Jonghe	1
R. Carthew	1
Nuria Izquierdo-Useros	1
Hans Ochs	1
Nina Lampen	1
Dr Martin Castelle	1
Nancy Schwartz	1
Dr. K. Brand	1
Steve Lewis	1
Raimund Dutzler	1
R. Young	1
Roger Sutmuller	1
C. Gomez Sanchez	1
Magnus Bergvall	1
Indra Gupta	1
Hyrien O	1
Robert B. Tesh	1
Ulrich Brandt	1
Douglas W. Barns	1
Daniel Reines	1
Saskia Polling	1
Beena Pillai	1
Paymaneh D. Malihi	1
Petra van der Groep	1
Tso-Pang Yao	1
Stine	1
Sebastien Jacquin	1
Martin Schletz	1
Con J. Beckers	1
Jonathon Pines	1
Jianyu Chen	1
Gene Robinson	1
Brown	1
Iben Loftheim	1
Kevin Lee	1
Zofia Lasiecka	1
Hsiao-Sheng Liu	1
P. Cogliati	1
Tony Getz	1
Dr Frans Ramaekers	1
Martin Heisenberg	1
G. Jones	1
R Fitzpatrick	1
Tom Hays	1
Neeracha Ruangpanit	1
Dr. George Chaconas	1
Shizuo Akira	1
Jane Robinson	1
Philip Leder	1
Ross Metzger	1
Andy Henderson	1
Sergey Zolov	1
Dr. W. Filipowicz	1
R. Morimoto	1
Nicholas H. Brown	1
Stefan Kassabov	1
S. Pol	1
P. A.	1
Mr. Elia Abi-Jaoude	1
Thomas Kuhles	1
Dr. S. Sipione	1
Kazuaki Yoshikawa	1
John Gilbert	1
E. Boddeke	1
James Ault	1
Viti	1
J. Castelli-Gair Hombria	1
Fei-fei Liu	1
T. Hazelrigg	1
Keng-Hui	1
Mitch Hayes	1
David Baltimore	1
Tae-Wook Chun	1
Carolyn Hyde	1
F.H	1
Justin Weems	1
Prof. Degui Chen	1
Abdul Waheed	1
D. melanogaster	1
Peter Maroy	1
Dr. G.L	1
S. Akira	1
Paul Kaufmann	1
Ann Moser	1
Brigitte Raynaud-Messina	1
Dr. Anita Aperia	1
S. Paulsen	1
van Buul-Offers	1
Robert Heyderman	1
Birgit Lane	1
Ilse Foissner	1
Meinrad Busslinger	1
Ronald J. Patterson	1
Anthony T. Campagnoni	1
A. Quayle	1
Christophe Maurel	1
T. J	1
Alejandra Gonzalez Rojos	1
Ajit Rayamajhi	1
Ba Fall	1
HP-F1	1
kan Hedman	1
A. Severson	1
Dr. J. M. Egly	1
Masami Kojima	1
A. Karimpour-Fard	1
rgensen	1
K. Bettenbrock	1
Xavier DeBolle	1
P. Horlait	1
Nichola Kenny	1
Roberto Sitia	1
J. Miernyk	1
W. Bickmore	1
Sean Rogers	1
Mani Narayanan	1
Celoy	1
Lianne Davis	1
Paul Jackson	1
Dr. Steven Shibowski	1
Debjani Das	1
V. Kennedy	1
Godfried van der Heijden	1
Walter Newman	1
Lucy Cotter	1
Konrad Hochedlinger	1
Mark Young	1
Dr. Halayko	1
Zongyou Guo	1
Lourdes Rodriguez	1
Stephanie Ems-McClung	1
Rino Rappuoli	1
David Brandon	1
Stephan Sigrist	1
P. Donovan	1
Mastura Wahedi	1
Carola Koschke	1
Thomas Czerny	1
David Lillicrap	1
M. Maniak	1
B. Moussian	1
Angela M. Thornton	1
Drs Matthew McCourt	1
Sylvia Trevino	1
Suchetana Mukhopadhyay	1
Drs Angus Nairn	1
Brenda Hartman	1
Sandra Denery-Papini	1
Wolfgang Zachariae	1
Leslie Bluck	1
Lorenzo Dagna	1
Y. Kohara	1
Shirley Longacre	1
Jane T. Babbitt	1
Dr. Gomez- Sanchez	1
Martina Augsburg	1
R. Tsien	1
M. Carman	1
Tina Kisbye Rasmussen	1
A. Burke	1
Celia Campagnoni	1
Brian Morrison	1
Margaret Mullin	1
Akiko Sato	1
J. Dubuisson	1
Lilo Creighton	1
Yin Chen	1
Inserm UMR837	1
H. Alstermark	1
Richard Hung	1
Hemebiotech	1
W. Wurst	1
D. Moazed	1
Ades	1
C. Ward	1
Estela Jacinto	1
Dr Paul Witting	1
Jussi Helppi	1
Patty Conrad	1
Y. Ishizaki	1
Bernd Pelster	1
Ruth Chiquet-Ehrismann	1
Dr. Maurilia Marcacci	1
M. Hortsch	1
Notre Dame	1
Michael Ford	1
Stephen S. Taylor	1
Ming Li	1
K. Vigor	1
Bertrand Friguet	1
K. Djibali	1
Rachel LaCasse	1
Martina Seifert	1
F. Margottin-Goguet	1
Andreas Bergmann	1
V. Sriram	1
J. Ericson	1
Ing	1
Tiffany Cook	1
David Sancho	1
Langeveld	1
Peter Seubert	1
Stuart Hodgett	1
Keith Philibert	1
Steve L. Wagner	1
R. Stephan	1
V.H.C	1
Patricia Pastor	1
Susan Park	1
Andrew McCarthy	1
Takahiro Nagase	1
Mark Poznansky	1
Ming Guan	1
Francisco Guaimas	1
Jacobsen	1
Bojan Polic	1
Chris Redfern	1
Miguel Chagnon	1
J.L.M	1
Hemmo Meyer	1
Torre de la Sal	1
J.L.E	1
E. Sigel	1
Claus-Henning Nagel	1
Electron	1
B. Antalfy	1
John O &	1
Karl Deisseroth	1
B. Fritzsch	1
Kathleen S. Matthews	1
Rosemarie Dalchau	1
Linn Lewis	1
Taketo	1
Richard Sakai	1
Dr. M. Engstler	1
Tommaso Russo	1
Gary Cohen	1
Alberto Vizuet-Torre	1
Eric B. Carstens	1
Amanda O'Reilly	1
Dr. Shohei Mitani	1
S. Wasserman	1
Janet Rozovics	1
P. Davis	1
Stefan Sigrist	1
Don Woods	1
Alicia Buckler-White	1
Wan-Chen Wu	1
Matthew Brown	1
Jack Werren	1
Xigen	1
Michael Way	1
Peter Kupferschmied	1
C. Aquadro	1
Meirong Liang	1
Xizhi Guo	1
M. Gage	1
Yasunori Murakami	1
Professor Winoto	1
T. Sakaguchi	1
Judith Blake	1
Monoclonal	1
M.G.v.H	1
Dr. Huan-Yuan Chen	1
Darcy Bawiec	1
ZhaoYi Wang	1
J. Baggott	1
Dorin-Bogdan Borza	1
Terry Dermody	1
Randall Johnson	1
Zhiwei Chen	1
Mark Marsh	1
S.-W. Zhu	1
Benoit Viollet	1
Dr. H Niwa	1
Eric R. Geertsma	1
Mette Ohlsen	1
Dr. Hidde Ploegh	1
Eric Wieschaus	1
Jena	1
Italo Tempera	1
Hanns-Martin Lorenz	1
Ina Schleicher	1
Hemebiothech	1
Chih-Yin Lee	1
A. Sacchetti	1
Anu Srinivasan	1
Myriam Mirza	1
ncio	1
Arnold J.M	1
Grant.We	1
Kristijan Jezernik	1
J. Lannigan	1
S. Holroyd	1
Uma Sajjan	1
Daum	1
Eleftheria Karabela	1
Shannon Paille	1
Elias Spiliotis	1
J.M.D.G	1
Shriner	1
Cliff Tabin	1
Dr. George F. Koob	1
Els Schlattman	1
Jane Miller	1
Fritz Lipmann Institute	1
Christian Behrends	1
Deutsche Krebshilfe	1
Steven L'Hernault	1
Elizabeth Ing-Simmons	1
John Mascola	1
R. Seidenfaden	1
Ulrike Heberlein	1
Benjamin F. B. Costantino	1
Shiaoching Gong	1
Ken Siddle	1
Marty Roop	1
Shelly Lower	1
Mark Ferreira	1
Alexandru Belu	1
David L. Mack	1
Christine Sempoux	1
Rab	1
Daniel Gaile	1
Nicole Hain	1
Dr. Dalmau	1
Anna Petrunkina-Harrison	1
S. Tate	1
Mike Ryan	1
T. brucei	1
Sandra Ufano	1
Lucas Bowler	1
Sincere	1
Paramasivam Murugan	1
P. Chlanda	1
Dr. Vladimir Korzh	1
Christian Busse	1
Grahame Hardie	1
F. Holstege	1
Marci M. Lesperance	1
Patti Rosa	1
Hans-Peter Pircher	1
Luca D'Agostino	1
Andrew McKie	1
Vinod Jyothikumar	1
Yong Pan	1
Dan Robinson	1
Nirmala SudarRaj	1
Amita Rachakonda	1
Ellen Trang	1
Julian Bess	1
Bernice Morrow	1
K. Deisseroth	1
David Stallknecht	1
E.	1
R. De Francesco	1
S. Devergnas	1
Bryan Larsen	1
Zhenghe Wang	1
Donehower	1
A. Staub	1
rinczi	1
G. Del Rio	1
K. Hager	1
Michael Walter	1
Mick Tuite	1
J. Cools	1
N. J. M.	1
Harold C. Simmons Cancer Center	1
Eileen Furlong	1
J. Kahn	1
Dimitri Pirottin	1
Katharina Landfester	1
Martin Westermann	1
Peter Scambler	1
Lorraine Rolston	1
Walker	1
Paul Voorheis	1
Rosenilde Carvalho	1
Neil Barclay	1
Claes B. Wollheim	1
R Bashir	1
Chang	1
F. Watt	1
Neuza	1
M.-C.Wagner	1
Stephen P. Ethier	1
Evans	1
Deep Sarode	1
S. Kramer	1
M. D. Molina	1
Sami Starast	1
Seijiro Honma	1
Westphal H.	1
Adam Martin	1
Gerald Hart	1
Richard J. Kascsak	1
Jean-Christophe Stehle	1
R. Gasa	1
Stefan Huttelmaier	1
Richard Youle	1
Patel	1
Manfred Gemeiner	1
Bonnie S. Dunbar	1
E.Bo	1
Roberto Di Lauro	1
T. Neufeld	1
Olivier Lemaire	1
Aaron J W Hsueh	1
Andrew Macdonald	1
Susan Bonner-Weir	1
Dr. Masaya Fujita	1
Kathy Niakan	1
Jenny Morgan	1
Robert Fletterick	1
Chiou-Feng Lin	1
J. Nathans	1
Ingrid Miller	1
P. Ingham	1
T. Volk	1
Matthias Affenzeller	1
Stazione Zoologica	1
Susanne Reiner	1
Carlos Lopez-Otin	1
M.Ciancanelli	1
Lina Gallego-Paez	1
Charles Louis	1
Dr. Gary S. Hayward	1
Nancy Rice	1
Marianne Powell	1
Colette Norby-Slycord	1
A. Lehtonen	1
Christine Petit	1
CNRS-Pierre Fabre	1
D. bifurca	1
Mugil	1
Klaus Brehm	1
Hana	1
Dr. Diego H. Castrillon	1
Leonora DeBella	1
Cummings	1
JD Sauer	1
Anne-Sophie Vercoutter-Edouart	1
A. Sesay	1
Richard Mann	1
Ulrike Borgmeier	1
Helena Kashevsky	1
Greg Matera	1
Ahti Niinimaa	1
Ettore Tiraboschi	1
Congjun Zheng	1
D. bifasciata	1
Stefanie Schulz	1
Brenda Gannon	1
James Overstreet	1
Joshua Kaplan	1
N. Taylor	1
Mehmet Ozturk	1
Ionit Iberkleid	1
Peter Christian	1
Francoise Haeseleer	1
Boris Margulis	1
Atsushi Miyawaki	1
Gustavo Glusman	1
Lebrun	1
J. Hiscott	1
K. Downing	1
Enrico Gobbato	1
Dr Osvaldo de Melo Neto	1
Christian Seiser	1
Arne Holmgren	1
Dr. Zvonimir S. Katusic	1
Richard Wade-Martins	1
nguez	1
Lorraine Pillus	1
Kramer	1
Kristin Dobslaff	1
Chinchar	1
Amy Pasquinelli	1
Gaetano de Vito	1
Larry Holzman	1
Dr. Rashidul Haque	1
Attila Toth	1
Judy Bennett	1
Alexander	1
Jeff Lifson	1
L. Fisher	1
H. Sugiyama	1
Lothar Beutin	1
ne Desjardins	1
Dr. E. Peles	1
Daryl Hoffman	1
Vivek Verma	1
Bettina Bommarius	1
Dr. F. Grosveld	1
A. Sobel	1
Roger Tsien	1
Douglas	1
Muskaan Belani	1
J. Lukas	1
Dr. Koeppen	1
B. Charreau	1
Marjan Amiri	1
Elisabetta Bianchi	1
K Nakayama	1
S. C.	1
Y. Watanabe	1
J. Yewdell	1
C. C.	1
Joseph Tsien	1
John Regan	1
Dr. Paul A. Watkins	1
Laina Martins Cunha	1
J. Gommerman	1
Miki Fujioka	1
Anuschka Unold	1
Dr. Rosana Puccia	1
P. Soriano	1
John Fazakerley	1
Paul Hardin	1
Marie Phillips	1
Dr. Luis V. Lopez-Llorca	1
Maria Malanga	1
Kendra Allton	1
Jacky Trotter	1
R. Moore	1
David Campbell	1
Michaela Miehe	1
Marie Vincent	1
Liza Pon	1
Cornelia Bargmann	1
L. Keldermans	1
Nabeel Bardeesy	1
S. Gordon	1
Nikolaj Dietrich	1
Patricia Johnson	1
B Tan	1
T. Listovsky	1
Claudio Rogerio Oliveira	1
Douglas Johnson	1
Christopher Sawyer	1
Michelle Peckham	1
Canhua Huang	1
S. Becker	1
A. Lumsden	1
Simon Boulton	1
Torsten Rohlfing	1
Brian Margolin	1
Steven Rosen	1
Graham Warren	1
Ian Duncan	1
Nancy Hollingsworth	1
Dr. Scott W. Lowe	1
Michael Cichanowski	1
Mary Packer	1
s de la Vienne	1
Stefan Jansson	1
K. Bartscherer	1
Dr. Miguel Sena-Esteves	1
Francisco Rivero	1
Connie S. Birkenmeier	1
Monica Mendelsohn	1
Brenda Strutt	1
A. Omini	1
Merisa Mok	1
rth	1
Viola Denninger	1
Gary Buell	1
G.Sprenger	1
Mie Shimojima	1
Dr. Ingunn Holen	1
Boying Tan	1
Reto Asmis	1
C. L. Harris	1
le Mathieu	1
J. Whittaker	1
Patrick Heun	1
C. Gaug	1
T. Rapoport	1
Antony Braithwaite	1
J.T.	1
Ramin Massoumi	1
John Silke	1
Susan Schwab	1
Wolfgang Hoffmann	1
I. Cheeseman	1
Kevin Eggan	1
Y. Sadu	1
Barbara A. Nagel	1
Maria Joanna Niemiec	1
rg Vogel	1
M. Mizuno	1
quez	1
Esther de Jong	1
Lck	1
Grabowski	1
Juraj Kabat	1
I. Kawashima	1
Inna Dumler	1
M. Salo	1
P. Lin	1
Jonathan M. G. Higgins	1
D. Russell	1
Wolfgang Schuh	1
Drs Joy L Ware	1
J. Okano	1
Taiza Stumpp-Teixeira	1
Avijit Chakrabartty	1
Jules Thorne Foundation	1
Ian Pass	1
Naima Belgareh	1
Anne Schaefer	1
della Ricerca	1
G. B. Nair	1
rttemberg Stiftung	1
Keith R. Johnson	1
Martine Carreras	1
Cesare Perotti	1
Alexandra Lepier	1
M.J.	1
Sandy Jacquier	1
Mark Agacan	1
Richard Boyd	1
P. D. Burbelo	1
Miranda Thomas	1
M. Kawata	1
Stephan Theiss	1
Robert Tjian	1
Dr. Choogon Lee	1
Daniel Eberl	1
Edgar Badell-Ocando	1
Fox	1
Lynette Hirschman	1
Mark Roberson	1
Sabine Wingert	1
Jean-Luc Imler	1
AckowledgementsWe	1
Richard M. Harland	1
Gretta Borchardt	1
H. Matsumoto	1
Ulla Hjortenberg	1
Daniel Saul	1
Mickey Pentecost	1
Giorgio Rovelli	1
Anja Meury Bechtel	1
Annelies S. Zinkernagel	1
Kwon Byeong S	1
Marc Freeman	1
Max Wicha	1
N. Takagi	1
Kathyrn Lougheed	1
Jean-Paul Rio	1
Weiss	1
Charlie Moussa	1
Dennis Willows	1
Maria de Moraes	1
Adam Olshen	1
L. Zhao	1
David A. Harris	1
hrmann	1
Bellen	1
Dominique Soldati-Favre	1
Daniel Klionsky	1
Henri Autio	1
Joseph Lam	1
Nishath Rehman	1
J. Harper	1
Wei Li	1
Timothy Cover	1
E. Olson	1
Mark Vidal	1
S. Roberge	1
Ibrahima Ndiaye	1
J. Schlessinger	1
Roxane M. F. Piazza	1
Hare	1
Nancy Hogg	1
Hara	1
R.S.W	1
Leslie Harrison	1
Michael Levine	1
Julian Lewis	1
Kothari	1
Barbara Wakimoto	1
Claus Wenhardt	1
B. Hjelle	1
Kanika Ghai	1
M. Courtney	1
Issar Smith	1
Dr. A. Klein-Szanto	1
Corinna Becki	1
James L. Manely	1
F. Leulier	1
Peter Sudmant	1
C. Kimmel	1
M. Herlyn	1
Alicja Baskaya	1
Sarah Maxwell	1
Carol Weiss	1
Peter Beverly	1
William Shain	1
Eleni V. Goga	1
Patrizia Loi	1
Esther Volper	1
S. Chatterjee	1
David Ginsburg	1
Jens C. Jensenius	1
Adam Leman	1
Sonia Najjar	1
Krzysztof R. Grzeda	1
E. Nieschlag	1
Linc Sonenshein	1
Nic Tapon	1
Thom Saunders	1
Steven J. Berberich	1
Patrick Emery	1
Geli Gao	1
Catherine Cotter	1
Jiangsu Province Grant	1
William Gelbart	1
Mathieu Gutmann	1
Drs K. Khodakhah	1
Elisabete Carvalho	1
S. A. Howell	1
Burnham Institute	1
Daniela Hellmann	1
Dr. Matilde Achaval	1
Stephen Castermans	1
Evelyn Bendrat	1
Matteo Da Ros	1
Caroline Formstone	1
Debbie Cassout	1
Reddy	1
T. K. Savage	1
E.Ba	1
Jack Rohrer	1
Di Bacco	1
Thomas Schaffter	1
A. J. J.	1
Mitani	1
Sarah Bardakji	1
Wayne Chen	1
Y. Tomooka	1
Cristina Vieira	1
Angus Lammond	1
Dr Joachim Kappler	1
T. Kurosaki	1
Amanda Jamieson	1
Damien Chaussabel	1
Brandy Edenfield	1
Steven Artandi	1
Waney Squier	1
Dr. Mark Blaxter	1
Dr Eva Dimitriadis	1
David Taylor	1
M. Balasubramanian	1
Joon Lee	1
H. Kubota	1
Sara Corbetta	1
Yoshika Hayakawa-Yano	1
Petra Adomat	1
R. Verma	1
Ronald Hay	1
Ignacio Provencio	1
J Salisbury	1
Veronica van Heyningen	1
Franck Ruffenach	1
Dr. Han-Xiang Deng	1
Mark Tompkins	1
K. Shimizu	1
Simone Eichenberger	1
Joe Lipsick	1
Tg	1
Peter Adams	1
Tamotsu Yoshimori	1
A. Goto	1
Juan Pascale	1
Stacy Taylor	1
Masaya Fujita	1
Jenny Reed	1
rbel Raupach	1
A. Vaidya	1
Tania Minns	1
Maria Baumgarten	1
F. Giraldez	1
Rob Shaw	1
U. Gerber	1
Sandra Romero	1
Paul Rigby	1
Julio Muniz	1
Thomas Henry	1
Stuart T. Nichol	1
Goodman	1
Orco	1
Hans-Michael Dosch	1
Jean Hebert	1
Inserm	1
D. Lander	1
Arja Pasternack	1
David R. Blatchford	1
C. J. Peters	1
J. Carlos de la Torre	1
Daniela Zarnescu	1
Nicholas Brecha	1
Birgit Koppetsch	1
Adam Suen	1
Miguel Seabras Lab	1
EM Jensen	1
Chaya Kalcheim	1
X. Navarro	1
Randall Moon	1
A. Olson	1
D. Evans	1
Shawn Ferguson	1
K. Furuta	1
Syed Sattar	1
Stephen P. Soltoff	1
Allen Taylor	1
G. Hannon	1
Anja Wittmann	1
Yoshihiro H. Inoue	1
Anne Barbaras	1
Helen Becker	1
Drs A. Walmsley	1
Nicole Chamberlain	1
Tanya Tolmachova	1
John C. Kappes	1
Robert A. Harris	1
H. Horstmann	1
A. Valencia	1
D. Davies	1
Hugh Alistair Reid	1
Neil Bersani	1
Toby Bentley	1
John Watt	1
Moscat	1
Alison Levy	1
Prof. G. Sobue	1
K. Silva	1
Dr. Helmut Maxeiner	1
Y. Fujimura	1
A. Subtil	1
Mahdi	1
J. Bischof	1
Derya Shimshek	1
Andrea Cuconati	1
Emma Martinelli	1
JFH1	1
Jules Hoffmann	1
Paola Veneroni	1
Fabienne Goepfert	1
Thomas Tobin	1
Stas Shvartsman	1
Janis Burkhardt	1
Ludwig Eichinger	1
Ryoko Sawahata	1
Susan Zolla-Pazner	1
Chang Gung Memorial Hospital	1
Masakazu Fukushima	1
Sarah Hake	1
Dr. Aixa Alfonso	1
Wallrath	1
Iwan Grin	1
Marc Lafleur	1
Wendy Gibson	1
Cheeseman	1
Bernd Groner	1
Huo S	1
K. Hiratsuka	1
NotesWe	1
Elizabeth McCarthy	1
Laurent Helary	1
Anton Eberharter	1
Graham Clark	1
Mr Kee Ming Chia	1
McManus	1
Thea Tlsty	1
Alexis Gautreau	1
Scott Keeney	1
Catherine Hsu	1
Keith E. Schultz	1
Dr. H. Gottlinger	1
P. Spearman	1
Drs Akira Watahiki	1
Michael White	1
Zillah Deussen	1
Maren Heese	1
J. Smith	1
Drs Gusti Zeiner	1
Michael E. Greenberg	1
rgen Schrader	1
Marc P. Windisch	1
Ralph Schlapbach	1
Dr. Giti Garthwaite	1
Philip Copenhaver	1
Dr. Heermann	1
Wayne Austin	1
Dr. C. Fossati	1
Miwa	1
Internationales Graduiertenkolleg	1
Mark Penfold	1
Peter J McKinnon	1
Jenny Huang	1
Jun Sakurai	1
B. Blanquier	1
Frank Costantini	1
Dr M Killip	1
Peter McCaffery	1
Stephen T Warren	1
David McClay	1
o Viola	1
Monika Doblin	1
Bradley C. Hansen	1
Jeremy Mottran	1
Anna Planas	1
Lorenzo Capucci	1
Peter Parker	1
Barton	1
Laura Roseaulin	1
David	1
Evguenia Bekman	1
Dr. E. Ikonen	1
Drs J. Briscoe	1
Jacques Ghysdael	1
Ina Poser	1
rgen Denecke	1
Colin Parrish	1
A. Toth	1
John C. Boothroyd	1
Corinna Ott	1
C. Rabourdin-Combe	1
M. Galloux	1
Dan Fletcher	1
Oleg Kolevanko	1
Ana Vacaru	1
Zhao	1
F. Momose	1
Roz	1
Edward Seto	1
Ricardo Benavente	1
Paul Thomas	1
Tatsumi Hirata	1
Simon	1
Richard Preziosi	1
M. Komada	1
Dr. Douglas Stocco	1
Laura Williams	1
R.H.E	1
Katja Shelest	1
Julien Briffotaux	1
Ebraham Zandi	1
Puig	1
Hiromi Fujita	1
D. Kawauchi	1
Helen Smith	1
G J Pilkington	1
David Haynes	1
Nuno Moreno	1
Volker Hartenstein	1
A. Salanti	1
Stephan Grimm	1
Moises Mallo	1
S. Ablan	1
John Leong	1
Angela B. Lange	1
Israel Vlodavsky	1
Paul Brakefield	1
Melissa Duarte	1
Niall Dillon	1
Appel	1
George Thireos	1
Dr. Orit Sagi-Assif	1
Edwidge Marcinkiewicz	1
Michael Linscheid	1
S. Bunnell	1
Christine Neuveut	1
Moira Whyte	1
Gillaspie	1
Madleine Schickedanz KinderKrebsstiftung	1
A. Ostareck-Lederer	1
Elmon Schmelzer	1
L. Li	1
Sergey Nuzhdin	1
Dr J Jiricny	1
Prof. Mu-sheng Zeng	1
Wei Fu	1
Tanja Rose	1
William Petri	1
Jackie Dolan	1
Neuherberg	1
Julianne Lim	1
Maryann E. Wozniak	1
William Saxton	1
Bart de Strooper	1
Albert Renolds	1
Jacques Pradel	1
Jing Zheng	1
Shigeyuki Betsuyaku	1
Robert Krug	1
Murray	1
Paul Saftig	1
H. Riezman	1
Christophe Machu	1
Alain Vandewalle	1
Elmar Wahle	1
Douglas Stocco	1
Annick Notte	1
R.J.F	1
ki	1
Dr. Hirohide Saito	1
Alan Kopin	1
Dan Klionsky	1
C. Vizler	1
Sumiko Inouye	1
S. Merger	1
M. Yuda	1
John Alvarez	1
Chinatsu Mukai	1
Peter Olofsson	1
Richard Kahn	1
H. Orii	1
Naomasa Gotoh	1
A. J. Jesaitis	1
A. Koffer	1
Dr. Guofu Hu	1
Dan Kiehart	1
Dr. Zemin Yao	1
S.S.	1
Jeroen J.M.W	1
Akos Vertes	1
Altaf A. Wani	1
A.	1
Yehuda	1
Jim Erickson	1
M. Moser	1
Dr. Rosbash	1
Michael Gale Jr	1
Karen Marcus	1
Maria J. Garcia-Garcia	1
John Woolford	1
Ray Young	1
Elias Coutavas	1
Margaret Stanley	1
ANR Franco-Canada CholAD	1
Aleixshafen	1
Anne Villeneuve	1
Sarah Bray	1
D. Offen	1
Yu Kang	1
H. Niwa	1
Renaud Poincloux	1
Vidya Gupta	1
Helen Roberts	1
Makino	1
Donna M. Crabb	1
Connie Schmaljohn	1
H. Nagase	1
Malte Mohme	1
Konrad Beyreuther	1
N. Brockdorff	1
Antoni Barrientos	1
L. Bernard	1
Eva Janssen-Megens	1
Antony Iglesias	1
Kristina Herbert	1
Art Strauch	1
Shriyuts K. Venkata Subramani	1
Darren Williams	1
Theresa Casey	1
James Wade	1
Nobuhiro Tanuma	1
Chetna Sachidanandan	1
Guy Tear	1
Barry Ganetzky	1
Shahid Jameel	1
Elaine Jaffe	1
Hiroshi Yamamoto	1
V. Zakian	1
S. G. Filler	1
Kian Kani	1
Carole Bartlett	1
Emma Carter	1
Dr. Felix Bastida	1
R. Chan	1
P.W.S	1
Anurag Kumar Singh	1
Risa Daniels	1
G. Barnes	1
Javier Herrero	1
Edwige Bouguyon	1
K. Brahmachari	1
N. Hopkins	1
J. Scholey	1
A. Vignali	1
Ian Drake	1
Peter Collins	1
K. Wakabayashi	1
Ignatius E. Igwe	1
R.S	1
M. Latouche	1
P. Aubourg	1
S. Iseki	1
Dr. Bala Chandran	1
H. Nakazawa	1
Lesley Ann Ogilvie	1
E. Swanson	1
Chihiro Hisatsune	1
Imagopole	1
Anne Remes	1
X.G	1
B. Scharf	1
Ellen Hellesylt	1
Dorthe Larsen	1
J. Wuarin	1
Tobacco Settlement Funds	1
Elisabeth Barton	1
Jin Zhang	1
Chowdhury	1
E. Heard	1
Mihaela Mentel	1
Greg Enders	1
Elise Rattigan	1
Dr. Xiaodong Wang	1
Vanessa Hufe Sane	1
R. Benezra	1
Lylia Fekrane	1
Alan R. Tall	1
Suk Chul Bae	1
Sieradz	1
A. Lambertson	1
Charles Boone	1
Mireille Ta	1
Jackie Han	1
Ute Leibfried	1
Dr. Jemima Barrowman	1
L. Guo	1
Ted H. Hansen	1
Gabriele Liegl	1
Corrado Betterle	1
Chris Grant	1
Becky Sheets	1
Raymond Dwek FRS	1
J. Kopp	1
Ian Lewkowich	1
Ken Stuart	1
Portillo	1
Belluno	1
Mr. B. Fabella	1
Lily Koo	1
Bu	1
Aaron Kaplan	1
Davis Heart	1
Yves Muller	1
T. Cunningham	1
Roel Van Driel	1
Dr. Stanley Froehner	1
Mike Browning	1
Hendershot	1
Tran Chanh	1
Doreine Carson	1
Al Brown	1
Eva Hofmann	1
Jessica Yu	1
Mark Chen	1
Gunter Meister	1
E. Dunkle	1
Cheryl Gregory-Evans	1
R. O. McCann	1
R. M. Waterhouse	1
Anne Etgen	1
Iain W. Mattaj	1
Heather L. LaMarca	1
Hanna Rosenmann	1
Tadashi Yamamoto	1
D. Duijsings	1
J. Kalervo Hiltunen	1
J. Pawelczyk	1
Paolo Cappella	1
Jean-Marc Fritschy	1
Barna Fodor	1
Petra Kopp	1
Klaas Sjollema	1
Sandra Bernhard-Kurz	1
Dr. Jennifer Cappione	1
Delia Barz	1
Green	1
G. Laliberte	1
B. P. Morgan	1
Drs P. Marynen	1
David H. Mathews	1
lez	1
Eunice Kennedy	1
Sarah Sebastian	1
Stefanie Schlichting	1
Dr. Arshavsky	1
B. Andrews	1
Kathrin Witmer	1
Stephen Beverley	1
S. Yamanaka	1
J.R. Wright	1
Eric Johnson	1
Kai Matuschewski	1
T. E. Willnow	1
Gabriella B. Vannelli	1
J. Toretsky	1
Paolo Costantino	1
A Perkins	1
Kathy Campbell	1
Mike Schaadt	1
ric Massicotte	1
J. v.d	1
Manuel Carranco Fabre	1
Hamutal Meiri	1
A. Martin	1
Luis Martin-Parras	1
L. Ma	1
Tsutomu Ohta	1
Keiichi Nakayama	1
Zach Harrelson	1
Lalita Ramakrishnan	1
M. S.	1
Thomas F. Schilling	1
A. Portner	1
P. Affaticati	1
Ed Giniger	1
Jing Lin	1
J.G	1
J.E	1
Sara Palm	1
Lorne Mendell	1
Andras Nagy	1
Jordana Henderson	1
Michele Calder	1
Jurkat/Neo	1
Zarkower	1
B. ceti	1
Otto Baba	1
r Bildung und Forschung	1
Mariko Hirano	1
Tasuku Honjo	1
M. Heck	1
Annie Schweitzer	1
Qiong Yang	1
Alexandra Bogusch	1
Arieh Gertler	1
Dr. Lin	1
E. Ekblad	1
Elena Rugarli	1
Adrian Donias	1
B. Hales	1
Stewart E. Van Meter	1
Ana Cumano	1
Frank Baas	1
Peter Owen	1
ric Laurent	1
jean Cantin	1
zi	1
Betty Poon	1
P. Szymczyk	1
Dr. Takaji Wakita	1
Carsten Korth	1
Walter Gerhard	1
T. Schreiner	1
R. L. Brinster	1
S. Hirmer	1
Tony Cornish	1
Olaf Pongs	1
Charles J. Sherr	1
Annabrita Schonenberg	1
Anj Dlugosz	1
H. Schaal	1
Greg Viglianti	1
Cheryl Lantz	1
Benjamin Abrams	1
Yvette Chuang	1
Brent Beenders	1
John Gray	1
H. Schwartz	1
Stefano Marzi	1
S. Kondo	1
Anne Marie France	1
Aaron Straight	1
Rachel Rudin Foundation	1
M Iverson	1
Renate Kaiser	1
Serge Korogod	1
Petra Boevink	1
Vermeulen	1
William Jacobs	1
Elke Muehlberger	1
Larijani	1
Sourav Pal	1
F. Verrey	1
Carmen Gottfried	1
C. S. B.	1
Tobias Walther	1
Clemens Dirven	1
James F. McGinnis	1
Drs V. Vedanarayanan	1
Marlis Schmid	1
Dr Jean Coll	1
M. Schneider	1
JoAnn Trial	1
Robert J. Fleming	1
A. Frassin	1
Joseph Newman	1
M. Sendtner	1
Angel Vidal	1
Peter Carlsson	1
Stefanie Wurr	1
Masaki Fukata	1
Bernd Fischer	1
Charlye A. Brocks	1
Elke Dachtler	1
Jan Tommassen	1
Sissel Eikvar	1
Ai Yamamoto	1
nchez Alvarado	1
Karen L. Schuzle	1
Francisca Molina	1
Jeffrey Cesario	1
Janice A. Taylor	1
Pat Simms	1
Pharmacology	1
Adrien Jouary	1
Dr. K.J	1
Kumar Dasuri	1
Lu Lu	1
Dr Silvia Corvera	1
Anne McDonald	1
Shuhua Li	1
Alex Burkle	1
Melanie Timmler	1
Jerry Lingrel	1
Dr. Orwig Kyle	1
Wilson	1
G. Hollander	1
Matt Ferguson	1
Keith Jolley	1
K. Georgopoulos	1
ois Poirier	1
Bob Molday	1
Mitasha Bharadwaj	1
Dietmar Katinger	1
Andrei Chabes	1
Robyn Stanfield	1
Wolfgang Essbauer	1
Robby Weimer	1
Jesus Torres-Vazquez	1
Bang	1
B. L. Blazer-Yost	1
Mariann Bienz	1
Monfort	1
John M. Gilbertson Foundation	1
Jenny Stow	1
Dean P. Smith	1
Joseph Brewer	1
Bretagne	1
Patricia Boucher	1
Mark Brown	1
Luiz	1
Samuel Bornens	1
Rui Curi	1
S. Cleland	1
David Stein	1
Ivan Hilgert	1
Benjamin Bondow	1
Michael Walker	1
Lilly Weger	1
Dr Rolande Berthier	1
Guillaume Chanfreau	1
Adrian Mehlitz	1
J. Grassi	1
Markus Grompe	1
S. B. Horwitz	1
Atsushi Wada	1
Li Chen	1
Gilbert Nicolas	1
Lionel Rousseau	1
Nathaniel T. Blair	1
Zeiss	1
K. Tsuchiya	1
Dr. Yong-Chao Ma	1
Giulio Cappagli	1
A. Baur	1
Dr. Mithilesh Mishra	1
Norbert Rolland	1
Bernhard Grimm	1
Christina Naula	1
G. P. Richardson	1
James Bibb	1
Karen Khoo	1
Kazuhiro Iwai	1
Dr Wynne Aherne	1
E. Dewailly	1
LaBOR/NASA LaSPACE Grant	1
Leah Fuller	1
A. Peters	1
J.-F. Brunet	1
Michael Kozoriz	1
Matthew McCourt	1
C. Travo	1
M. Hobeika	1
Dr. Takahashi	1
Marcia Gordon	1
MassImage	1
Cory Abate-Shen	1
Nancy Denslow	1
Dick Schaap	1
Dnr	1
E. Santana	1
raldine Bonnard	1
Peter Brophy	1
M. Samyn	1
Charles Weitz	1
B. Patterson	1
J. Albin	1
NIH/NIGMS	1
Mike Millar	1
Teru Ogura	1
Marino Zerial	1
Ronald Naumann	1
Peter Ratcliffe	1
Alonso	1
Stefanie Pflichtbeil	1
Gerd Multhaup	1
John Hildebrandt	1
M.S.	1
David Colby	1
Griffin Boll	1
Drs S. Beck	1
Andrey B Vartapetian	1
D. Goodman	1
Dr. Chen	1
J. Trejo	1
David C. Baulcombe	1
Maryam Dastmalchi	1
Robyn Emmins	1
Karen Arden	1
Victor Fung	1
G. Lloyd	1
Linda Rigamer Lirette	1
R. S	1
T. van der Sluis	1
Shigeru Taketani	1
ivi Narinen	1
Meghan Lybecker	1
W. Kooistra	1
Carlos Ayers	1
Peter Meacock	1
A. M. Rose	1
V. Ribeiro	1
Dr Le Forestier	1
Giovanna Roncador	1
Maria Ericsson	1
BSc	1
Peter Mundel	1
Drs Keith Gull	1
Ming-Jun Zhang	1
Philippe Ciofi	1
Akihiro Ito	1
W81XWH-10-BCRP-CA	1
Chalker	1
Bonnie Schneider	1
zer Kalkan	1
Pu Yan	1
D. Crowther	1
N. V. Joshi	1
Claudia Cortes	1
Theo Verboom	1
Jean-Christophe Bourdon	1
Juan Luis Santos	1
Rueyling Lin	1
Paul Jarvis	1
Eijnden-van Raaij	1
Nicole Hausser	1
H. Goldberg	1
Uwe Wolfrum	1
A*STAR	1
Guy Palmer	1
Steffen Heidmann	1
Filip Lim	1
A. Sartoris	1
Mark Crompton	1
Yukuto Yasuhiko	1
Andrea Balogh	1
Mark Boyce	1
Mario Wullimann	1
Helen Parker	1
D. Delneuville	1
Catherine Brenner-Jan	1
Diane Finger	1
Roger Hardie	1
Rafael Fridman	1
Franz Klein	1
Masatoshi Takeichi	1
Teixeira	1
David Jacobus	1
David Toczyski	1
Lauren Kiemele	1
Irina Margine	1
V. Bindokas	1
Tom Orfeo	1
Don Zhong	1
Novartis	1
J. Mascola	1
Sarah Flocan	1
Kentaro Nagaoka	1
Christine Smythe	1
Ibsen Chen	1
Ana Paula Galvao Da Silva	1
N. Vyleta	1
Eva Sutinen	1
I. Ling	1
Cheryll Tickle	1
Linda Jackson	1
Dr. King-Song Jeng	1
Wai Yau	1
B Lim	1
Claire Forestier	1
Dr. Ralf Gutzmer	1
Dr. Koszinowski	1
ois Bodart	1
J. C. Support	1
Qu &	1
M. Moore	1
B. Dreno	1
Bertrand Nadel	1
R. Lovell-Badge	1
Yoko Nishizawa	1
Marie-Claire Gubler	1
G. Cross	1
Karen Skjoedt Soerensen	1
Fred R. Miller	1
Jae Park	1
Katie Staudt	1
H. Agaisse	1
Michele Spector	1
Els Mattheeuws	1
Masao Ito	1
S. Sugawara	1
Peter Ekblom	1
Jessica Beckert	1
K.L	1
P. Levin	1
Shu-Chan Hsu	1
Maria Leptin	1
L. Jerabek	1
T. Wandless	1
Naoto Hoshi	1
Angela Neville	1
Graham Hardy	1
Anne Konzer	1
M. F. Cesbron-Delauw	1
S. Hayashi	1
J. Duflot	1
R. Schekman	1
David Huntsman	1
Gloria Hoffman	1
Robert Murnane	1
Yoshihiro Fujimura	1
Christina J. DeCoste	1
Ruth Jelinek	1
Ralph Kehlenbach	1
W. Xu	1
Stephen Duncan	1
Nina Schroeder	1
Dr Alice Gilman-Sach	1
O. S. Morenkov	1
Thomas Smith	1
D. Monack	1
Rossarin Suwanarsuk	1
M. Yaffe	1
Tom Pack	1
Roberto Mantovani	1
Thomas Klein	1
Kathy Hancock	1
Frederick Domann	1
Susanne Mandrup	1
Verena Schindler	1
Andreas Villunger	1
Daniel Reiss	1
Silvia Penuela	1
M. Parsons	1
Esther Rosell &	1
Matt Grossman	1
N. Azpiazu	1
Chapel Hill	1
G. Zhong	1
Samantha Previs	1
C. Troakes	1
Fernando A. Goldbaum	1
Carina Arvidsson	1
Tiina Pettersson	1
Dorothy Kisielewski	1
Peter Bull	1
Graziano Martello	1
Cheryl Wellington	1
Ulrike Potocnik	1
I. Davidson	1
Dr. John-Paul Mutebi	1
Lee Niswander	1
John James	1
Ruth Nissly	1
Catherine Rabouille	1
Isabelle Guenon	1
Stephen Lory	1
G.K.	1
Helen Turley	1
V. Kuchroo	1
Dr. Xin Li	1
Ulrike Efiloglu	1
N. Kops	1
Kirsten Rose	1
Dave Norris	1
Anuk Das	1
Alejandro Correa	1
Ilya Frolov	1
Annie Aubry	1
Takashi Osumi	1
Kelly Rea	1
Zhao-Qi Wang	1
Christiane Devenoges	1
Joyce Wilson	1
Saskia Ruiter	1
Jean Velours	1
S. Ravid	1
Maike Wosch	1
Emil Reisler	1
C. R. Harding	1
F. Haeseleer	1
Stefan Kins	1
Qin Liu	1
Hiroshi Kimura	1
Tobias Ternent	1
R.A. Ross	1
Steven Whiteshall	1
S.D.Briggs	1
Haber	1
Gianluca Toraldo	1
Pierre Hilven	1
Juhee Kim	1
Irv Boime	1
Andreas Merdes	1
J. Ian Mason	1
Petra Hammerl	1
Andrea Wizenmann	1
Drs P. Kalitsis	1
K. Klose	1
D Galendo	1
Xinhua Lin	1
and Technology	1
Gordon Keller	1
M. McPeek	1
Inger Merete	1
Philip Watson	1
Debbie Roche	1
Peter Altevogt	1
Michael Reiss	1
Dr. Joseph O'Tousa	1
Boezen	1
Rohini G. Sandesara	1
Mark Stapleton	1
Johanna Irrgeher	1
Robin C. Allshire	1
Miroslawa Matz	1
R. Macchi	1
M. Oldstone	1
G. Napolitano	1
Grant Number	1
Dr. Christopher Link	1
Daniel Howe	1
Michelle D. Garrett	1
Erik Mul	1
Sayaka Makino	1
Christa Heyting	1
Oliver Wicht	1
Alyssa Fournett	1
Luisella Milano	1
M. Kuroda	1
J. Michael McCaffery	1
Kenneth Yamada	1
Artur Scherf	1
Maslinda Musa	1
Chiaki Matsubara	1
Monika Kalde	1
Dr. A. Alcami	1
John Atkins	1
Guang-Yi Ling	1
Inna Lavrik	1
Alexandre Benmerah	1
P. Gattinger	1
Deanna Koepp	1
Jacob Seeler	1
Noah Koon	1
M.L.	1
Drs JD Minna	1
Henry Sun	1
Marc Vidal	1
Peterse	1
D. Logan	1
Kate Maillou	1
R. Villa	1
T. Cheung	1
Dr. Huang-Chun Lien	1
F. Bantignies	1
Brian Popko	1
Rick Kelley	1
Hans Duimel	1
Fujio Shimizu	1
Dr Elizabeth A. Craig	1
Jeffrey Negrey	1
S. Campuzano	1
Victor Gordeuk	1
Matija Peterlin	1
Dr. J. Kilmartin	1
Wolfram Steinhilber	1
Simon Arthur	1
Ron Hay	1
Susann Ofori	1
Kei Kamino	1
Hawley	1
Michael A. Resnick	1
J. N. Lavoie	1
Marie Delattre	1
John Schrader	1
Mary Lyon Centre	1
Michael Curtis	1
Mary Walker	1
Hilleary Osheroff	1
C. Zuker	1
Martine Dupuis	1
M. Calos	1
John Jones	1
Tom Silhavy	1
Elisabeth Verpy	1
A. Mir	1
A. Sherman	1
Susan Garfield	1
Dr. Eunjoon Kim	1
Walt Jones	1
M Ho	1
Frank Bradke	1
Amber Asher	1
Serotec	1
Dr D Schuppan	1
Affymetrix Exon	1
Xu Yu Xin	1
Dr. Anders Sjostedt	1
Barbara Hahn	1
Naoyuki Taniguchi	1
Marc Moniatte	1
Heberlein	1
Matthew Smoker	1
Musculoskeletal	1
N. Arnberg	1
Knoll	1
D Neri	1
Kati Lampinen	1
Dr. Ana M. Vazquez	1
Eric Alonzo	1
Dubremetz	1
Sandra A Rebuffat	1
M. Zuber	1
K. Nakajima	1
S. D. Catz	1
R. Halaban	1
Richard Kascsak	1
Paul Oleynik	1
DSBrepair	1
Robert Duvoisin	1
Dr. Solveig Thorsteinsdottir	1
Kaori Iida	1
Patricia Nagnan-Le	1
Fabienne Bourquin	1
Brian E. O'Neill	1
Christopher Pin	1
Jeremy Skepper	1
Daniel Kelly	1
E. Mul	1
Drs N. Brown	1
M. Bonneville	1
Renate Gehwolf	1
L. Pellizzoni	1
Andrei Lupas	1
Teresa Pesch	1
Jana Radin	1
M. Rowe	1
H. Boije	1
Gyunghee Lee	1
B. Galvin	1
Catherine Godinot	1
chmann	1
Galderma	1
Dirk Dobbelaere	1
S Brill	1
Anton Berns	1
Rachel Wollacott	1
Ralph Tripp	1
Elisabeth Persson	1
G. Sen	1
Stephanie Krasnow	1
E. Lahrmann	1
Matthew Piper	1
Elisabeth Fischer	1
Richard Eastman	1
Drs Fiona Myers	1
Allan I. Basbaum	1
Suma Kolla	1
M Breese	1
Dr. Gabriela Arroyo	1
M. Jonker	1
Joachim Clos	1
Guan-Zeng Zheng	1
Bill	1
Rosanna Dono	1
V.H.R	1
Pamela Raymond	1
Emma Marshall	1
M. Hutchison	1
Tom Pratt	1
K. Siddle	1
A. McClane	1
Jennifer Schulze McDaniel	1
Geraldine Taylor	1
Alan Cowman	1
Denis Ressnikoff	1
F. Soheilian	1
Arun K. Singh	1
Ester Feldmesser	1
Michael Jones	1
Dr. Sarah E. Ross	1
Gary J. Fisher	1
Joao Marques	1
P.L.H	1
J. H. P. Hackstein	1
C. Schlatterer	1
Renjie Song	1
Dr. Osvaldo Zabal	1
Sharon Tooze	1
Richard Murray	1
Silvia Dichtinger	1
Uli Laemmli	1
Susanne Opravil	1
Drs Mitchell B. Diccianni	1
D Morello	1
Paul Fisher	1
Andre Goffinet	1
Dr GL Scheffer	1
Dr. A. Satoh	1
Milagros Guerra	1
Nancy Hoe	1
John F. de Groot	1
Catherine Transy	1
Marian A. Ros	1
S.S. Thorgeirsson	1
A. Pleiss	1
Galina Schevzov	1
Richard Losick	1
Adane D. Abraham	1
Gary Martin	1
Vladimir Korzh	1
M. Tsujimoto	1
Brett Lindenbach	1
M. Meissner	1
O. Roos	1
Huachun Zhong	1
Dr. Garima Khare	1
Walter Witke	1
Jennifer Hirst	1
Warshaw	1
B. Blaul	1
Ayumi Tanaka	1
S. Charvatova	1
Tao Sun	1
Huib Croes	1
G. Duester	1
J.K.J	1
Consorzio Interuniversitario	1
Ruth Steward	1
J. Charron	1
John Sandy	1
Antonio Brunetti	1
de Rennes	1
Mike Koonce	1
Teresa Joy	1
Helena Klenova	1
Daljit Vudathala	1
James Goldenring	1
A. Habermann	1
H Hing	1
Stephen Woodhouse	1
A. Ahrbecker	1
Nicole Echner	1
Roy Curtiss III	1
Janine Becker	1
Gareth Howell	1
AC Wilson	1
Esther de Boer	1
Louise Benson	1
David Gius	1
Christoph Thiele	1
Michael Klymkowsky	1
P. Robinson	1
Trudi Schupbach	1
K. Shirahige	1
A. Chowen	1
B. Yoo	1
Elisabeth Moeller	1
Chad M. Warren	1
Janet MacDonald	1
Eduardo Garbarino-Pico	1
Congjian Xu	1
S. Wood	1
R. Askea	1
Jonathan Howard	1
M.R.K	1
Susan Gottesman	1
Dr. P. A. Overbeek	1
R.S.	1
B. Faurite	1
Jean Gustin	1
Coby Schal	1
Drs Yumiko Hatanaka	1
G. Ward	1
Prof. C. Heyting	1
P. Malatesta	1
Richard D. Cummings	1
J. Littlechild	1
David Steinhauer	1
MPIIB	1
M.J. Tisdale	1
C. Rogier	1
Brad Ross	1
J Grassi	1
Hennigsdorf	1
J. Fleming	1
Jung	1
D. Redelberger	1
Bing Zhang	1
James D. Bangs	1
J. Blahos	1
Richard Cadagan	1
Dr. Axel Cloeckaert	1
Allan Thomas	1
Akihiro Morimoto	1
Eadaoin Timmins	1
Clare Brazill-Adams	1
Muna Anjum	1
Zhong	1
R. Romero	1
Utsav Agrawal	1
Bas van Steensel	1
Shinji Nagata	1
Emmanuelle Logette	1
Cindy Roy	1
Inohara	1
William Walter	1
A. Nienhuis	1
Patrick Humbert	1
H. Coleman	1
D. Rennie	1
Brad Somers	1
H. Hamada	1
Louis Fauconnier	1
o Clemente	1
Ikuo Suzuki	1
Esther Stoeckli	1
R. Blagieva	1
Eric Freed	1
S. Dumont	1
L. Whitton	1
S. Takeda	1
J.C. Renauld	1
Dr. Giulio Spagnoli	1
Thomas Neufeld	1
Ralf Graff	1
van Wely	1
Ministerio de Ciencia	1
Eriko Miura	1
Joerg Striessnig	1
Nazif Alic	1
Arturo Rivera	1
Anthony Omeis	1
David Padron-Perez	1
Dr. Sarvamangala	1
Jonas Grossman	1
Richard Huganir	1
Mani Ramaswami	1
H. Zhang	1
Dominique Dorin-Semblat	1
Martine Trevisan	1
Hopital Necker	1
John Rubenstein	1
Ashworth	1
Nanette Wong	1
Jeffrey Gordon	1
Quentin Campbell Hewson	1
Numata	1
Nicole Bec	1
Meijers	1
A.C. Smith	1
Elisabeth Meyer-Natus	1
Dr. Elsa Fabbretti	1
Dr. V. Filonenko	1
Prof. Xueping Zhou	1
Mark Peeples	1
Julia Niefnecker	1
Mridula Vishwanath	1
Herman Spaink	1
Heidrun Haweker	1
Jim Matsunaga	1
Dr. A. Corti	1
Daniel Lunn	1
Erwin G. Van Meir	1
S. Cimbro	1
Bruno Guhl	1
Jean-Michel Gibert	1
Mitsuhiro Kawata	1
N. Denef	1
Jan Rainey	1
Jesse DeGraff	1
Ball	1
Karin Zurbriggen	1
Marv Adams	1
Xiao Xu	1
Sara Ferreira	1
Samer Hattar	1
Pierre Travo	1
Eric G. Neilson	1
Stephen Cass	1
Helena Bonner	1
W. L. Kraus	1
A. Valkoun	1
K. Abel	1
Shinichi Kohsaka	1
Paediatric Endocrinology	1
Daniela &	1
Institut Clinique de la Souris	1
Matthew Holden	1
Anthony A	1
Andy Waters	1
Gesine Kaiser	1
Silvio Gutkind	1
J. van de Hove	1
Yafit Brener	1
Susan Tsunoda	1
Myriam Gorospe	1
Indira Sen	1
M.-H. Lee	1
Nobuyuki Uozumi	1
L. Rothfield	1
JdK	1
Evgeny Shlevkov	1
Liliana Sferco	1
Alan Friedman	1
Jean-Marie Blanchard	1
Nicole Ferstl	1
Mary Schloss	1
Grzegorz Ira	1
Steve Stowers	1
Camille Hamilton	1
Eric Westhof	1
Kenneth Philipson	1
Corinne Blugeon	1
Christopher Barbieri	1
Verena Jantsch	1
Dr. Axel Heiser	1
s Diabetes Foundation	1
Tatsuya Sakai	1
Rene Medema	1
F. C. Kafatos	1
Dr. Teruo Kawada	1
John Petkau	1
Richard N. Sifers	1
Angela Barth	1
Greg Hannon	1
Gyorgy Szabadkai	1
Isabella Bray	1
Juan Bonifacino	1
Paul Giresi	1
Sheila Macpherson	1
Lynne Oland	1
D. Andor	1
Sebastian Rose	1
Ms. Keqing Zhang	1
Stephen Turley	1
T. Higuchi	1
Ellen Greenberg	1
Catherine Schouler	1
du Qu &	1
K. Hashimoto	1
Paul Perry	1
Andrew Waskiewicz	1
H. Maiato	1
T.F	1
Noriyuki Aoyanagi	1
Anne Stanley	1
Franklin	1
R.B	1
T.L	1
Richard Carthew	1
Teresa Gunn	1
Nelson Lee	1
Danny Reinberg	1
Jeffrey L. Caplan	1
Jim Marks	1
B. Appel	1
s Seventh Framework Programme	1
Quinton Fivelman	1
Schindler	1
S. Uchida	1
Sue Willington	1
E. L. Lagendijk	1
Anna Huttenlocher	1
Emma Polkinghorne	1
Morgan	1
Keevill	1
Langlade	1
G. Morata	1
Ayato Takada	1
Niklas Norgren	1
Calum Sutherland	1
Dr Lawrence Marnett	1
Hisahide Hiura	1
Steve Warren	1
LIPOTOX	1
S. Opitz	1
Denise Mattei	1
Martha Galindo	1
Andrea Conrad	1
Annamaria Cambiaghi	1
J. Baudot	1
Benjamin Toh	1
