us	374
providing	159
plasmids	74
fly	67
rabbit	61
mouse	60
human	44
anti-human	41
reagents	34
anti-	34
anti-mouse	30
plasmid	27
rat	25
recombinant	25
strains	25
specific	24
sharing	22
cell	22
transgenic	20
purified	20
anti	19
access	19
anti-gfp	18
primary	17
control	16
neutralizing	15
technical	15
hes1	15
drosophila	14
yeast	13
valuable	13
anti-tubulin	12
samples	12
helpful	12
dr.	11
anti-ha	11
protein	11
constructs	11
anti-actin	10
supplying	10
original	10
various	10
provided	10
anti-tau	9
pax7	9
e2	9
anti-p24	9
flies	9
cells	9
m.	8
lab	8
several	8
tubulin	8
strain	8
anti-gfap	8
anti-bip	8
c.	8
anti-ns5a	8
clinical	7
1	7
expression	7
stocks	7
blood	7
gfp	7
tat1	7
unpublished	7
huh7.5	7
tau	7
ns5a	7
phf-1	7
receptor	7
anti-pdx1	7
l-plastin	6
excellent	6
9e10	6
anti-acp	6
anti-cd8	6
assistance	6
s.	6
hybridoma	6
actin	6
3	6
a2	6
cdna	6
anti-ns1	6
virus	6
anti-synapsin	6
anti-lamin	6
anti-rabbit	6
b.	6
anti-ompa	6
hif-1	6
asy1	6
anti-l1	6
murine	6
anti-dengue	6
pdx1	6
nc82	6
facilities	5
dna	5
anti-a	5
p53	5
dr	5
hsp90	5
anti-pml	5
anti-imc1	5
initial	5
laminin	5
anti-pcna	5
phf1	5
anti-e2	5
serum	5
mab	5
e.	5
many	5
ii	5
subunit	5
mice	5
n-cadherin	5
sox9	5
mf20	5
anti-e	5
advice	5
hela	5
anti-sycp3	5
anti-flagellin	5
wr99210	5
anti-gapdh	5
sv2	5
jfh-1	5
18b7	5
anti-cd63	5
anti-np	5
u2os	5
anti-arrestin	5
facility	5
anti-prp	5
viral	4
-actin	4
zyp1	4
anti-histone	4
blocking	4
mcherry	4
cftr	4
app	4
materials	4
wt	4
anti-myc	4
anti-rhodopsin	4
anti-hes1	4
anti-islet-1	4
lc3	4
ago2	4
invaluable	4
tissue	4
anti-hcv	4
vectors	4
pax3	4
shrna	4
brain	4
anti-akt	4
hcv	4
anti-ago2	4
normal	4
huh-7.5	4
zebrafish	4
anti-vasa	4
anti-hrs	4
anti-cd4	4
anti-olig2	4
arrestin	4
anti-dna	4
anti-pc	4
ki67	4
synthetic	4
ns5a-specific	4
tg	4
t4	4
anti-pax6	4
vif	4
synapsin	4
anti-cyclin	4
y.	4
-tubulin	4
anti-mbnl1	4
cdnas	4
anti-twist	4
experimental	4
anti-ron4	4
bip	4
anti-acrv1	4
wnv	4
mage-a4	4
l1	4
g	4
tat-1	4
1d4	4
mutant	4
mhc	4
jfh1	4
vasa	3
mw8	3
anti-nestin	3
akt	3
vp1	3
soybean	3
total	3
mammalian	3
anti-ama1	3
12e8	3
icsm35	3
anti-lamp1	3
anti-rat	3
anti-bmi1	3
anti-c	3
anti-f	3
ii-ii6b3	3
pquantalb	3
anti-keratin	3
cp-13	3
cip2a	3
lmx1a	3
min6	3
2	3
anti-gb	3
atg5	3
integrin	3
anti-ccr5	3
rna	3
arl13b	3
lamp1	3
dengue	3
core	3
anti-ipab	3
ssea1	3
anti-ty	3
anti-cruzipain	3
anti-tax	3
anti-t1r3	3
anti-rvfv	3
chain	3
12/101	3
bacterial	3
anti-en	3
following	3
chip	3
histone	3
pax6	3
sm/c-2.6	3
prl	3
prp	3
anti-tgg1	3
anti-l-plastin	3
anti-muc1	3
proteoglycan	3
developed	3
secondary	3
anti-phospho	3
prof.	3
4d9	3
isl1	3
b12	3
anti-cftr	3
o4	3
oc	3
tumor	3
anti-iba1	3
corresponding	3
a.	3
floxed	3
anti-drosophila	3
utrophin	3
pcna	3
anti-car	3
anti-ns2	3
mefs	3
anti-brdu	3
antisera	3
construct	3
cyclin	3
lentivirus	3
anti-sumo1	3
anti-egfr	3
anti-per	3
anti-dcr-1	3
expert	3
core-specific	3
ph	3
anti-tim	3
p.	3
nkx2.2	3
anti-hnrnp	3
12b2	3
hspb1	3
b5	3
5	3
and/or	3
therapeutic	3
dfoxo	3
anti-collagen	3
3f4	3
anti-brucella	3
star	3
phospho-specific	3
anti-rad53	3
gm130	3
rad-51	3
tag	3
htp-3	3
donating	3
anti-h3k9me2	3
microscopy	3
anti-mr	3
data	3
anti-phosphorylated	3
guinea	3
chicken	3
phox2b	3
numerous	3
embryonic	3
anti-sr-bi	3
anti-n	3
ca	3
anti-insulin	3
anti-vpr	3
anti-zo-1	3
anti-app	3
anti-mhc	3
h3	3
anti-scp3	3
buffy	3
anti-orc2	3
anti-tag-1	2
hgps	2
anti-cid	2
anti-trebananib	2
mcf10a	2
anti-hsp70	2
anti-mip	2
centrin	2
drs	2
anti-coilin	2
anti-tnf-	2
rd21	2
f4/80	2
htert	2
phosphorylated	2
hog	2
3d1	2
anti-gcna1	2
sedi	2
anti-isg15	2
mll1	2
anti-rab	2
anti-ksrp	2
h5n1	2
skeletal	2
p-gp	2
used	2
anti-vp	2
laboratory	2
lrrk2	2
vimentin	2
s100a9	2
rh	2
inos	2
r5	2
atr	2
mvh	2
osglb1	2
anti-fasii	2
anti-p45	2
aqp4	2
kni	2
anti-nucleoprotein	2
h1b-gfp	2
anti-interferon	2
professor	2
lps	2
d.	2
megalin	2
soluble	2
cyp17	2
anti-glycogen	2
arp3	2
anti-apoe	2
anti-fxr1p	2
viruses	2
anti-nephrin	2
atg8	2
rad23	2
anti-uv	2
gata6	2
p63	2
anti-integrin	2
iv	2
anti-centromere	2
anti-kar2	2
anti-cxcl10	2
macaque	2
ctip	2
anti-sumo	2
mif	2
pjfh1	2
eea1	2
plasma	2
anti-c-terminal	2
ago1	2
h4b4	2
cxcr7	2
cxcr4	2
anti-h3	2
caspr	2
anti-cd3	2
anti-cd9	2
anti-mvh	2
anti-ganglioside	2
anti-synaptotagmin	2
bat3	2
anti-cdv	2
anti-collier	2
parkin	2
vrc01	2
anti-rfa1	2
vwf	2
cb0006	2
e2-specific	2
hct116	2
a11	2
anti-abca1	2
gk1.5	2
anti-protein	2
anti-cnot3	2
vc-1	2
hb9	2
template	2
hsp70	2
anti-hsp90	2
retroviral	2
anti-drip	2
mc-1	2
uroplakin	2
anti-foxl2	2
anti-rab5	2
chemical	2
anti-ncam	2
mucin	2
anti-psa-ncam	2
anti-pgc7	2
anti-trka	2
anti-il-23r	2
sigma-1	2
endomucin	2
respective	2
su	2
anti-fas	2
platform	2
anti-gr	2
ep	2
es	2
space	2
melanopsin	2
cart	2
anti-a27	2
e7	2
anti-cd44	2
one	2
yb-1	2
genotype	2
anti-porin	2
293t	2
ias	2
15b3	2
anti-gas1p	2
anti-ciap1	2
p24	2
19	2
talin	2
chikv	2
anti-popb	2
hca2	2
anti-tdrd1	2
anti-cp5	2
anti-mbp	2
regarding	2
hcar	2
anti-espb	2
anti-cpa	2
anti-flag	2
j.	2
cripto	2
anti-fibrillarin	2
necessary	2
iapp	2
2g12	2
anti-sens	2
anti-il-17	2
anti-slf1p	2
sox10	2
nephrin	2
different	2
trail-receptor	2
anti-lap2alpha	2
glcnac6st-2	2
him-8	2
4d2	2
anti-mecp2	2
anti-flavivirus	2
anti-pgl-1	2
ps1	2
anti-bcla	2
anti-murine	2
atoh1	2
anti-parp-1	2
anti-ng2	2
anti-gp63	2
critical	2
kmx	2
dicer	2
anti-h1t	2
anti-pcm1	2
l.	2
anti-esat-6	2
anti-epcam	2
dcp1a	2
e	2
parasites	2
anti-capsid	2
anti-panx1	2
igg	2
anti-ide	2
ctcf	2
calnexin	2
phyb	2
a6	2
gtpch	2
anti-hiv-1	2
anti-cd25	2
lrat	2
anti-sc35	2
anti-pa	2
rab11	2
alp	2
anti-a3g	2
tr	2
th	2
mpa	2
rad53	2
list	2
darpp-32	2
t.	2
agonistic	2
-sma	2
anti-sod1	2
zic2	2
mdm2	2
anti-cabp5	2
anti-cnot1	2
anti-v5	2
anti-pax7	2
anti-cry	2
imaging	2
axonin1	2
anti-v3	2
anti-sp100	2
two	2
anti-cd31	2
447-52d	2
primate	2
anti-gli2	2
anti-gli3	2
anti-lmx1a	2
anti-rex1	2
anti-wnv	2
cp13	2
l3b2	2
anti-lc3	2
anti-yeast	2
help	2
anti-vp1	2
anti-plasmepsin	2
anti-eve	2
anti-nss	2
research	2
anti-synorf1	2
2h3	2
asc	2
w	2
3t3-l1	2
anti-tbr2	2
podoplanin	2
b	2
anti-clathrin	2
22c11	2
anti-core	2
elisa	2
anti-tdp-43	2
als3	2
scp1	2
h2a	2
anti-ryr2	2
rta	2
v14	2
anti-upar	2
wehi	2
12c5	2
upar	2
dominant	2
osteopontin	2
anti-serum	2
capsule	2
2f11	2
gcna1	2
mrfp	2
sseb	2
logistic	2
cre	2
pcdna3	2
anti-cenp-c	2
genomic	2
anti-siga	2
hiv-1	2
luciferase	2
c	2
anti-h2a	2
rop5	2
generating	2
anti-cxcr7	2
anti-tom20	2
lamp-1	2
anti-cancer	2
deletion	2
e-cadherin	2
gr-1	2
anti-tub2	2
anti-arp3	2
anti-shh	2
anti-il-6	2
anti-3a10	2
opsin	2
bid	2
anti-foxj1	2
-endorphin	2
anti-ccp	2
per	2
anti-fxr1	2
adam10	2
gm2	2
tbr1	2
anti-foxd3	2
cdk1	2
gnrh	2
pnl4-3/udel	2
ppar	2
anti-gm2	2
notch2	2
ns3	2
directed	2
faah	2
cid	2
rnai	2
utx	2
mpi-cbg	2
scp3	2
chat	2
tspo	2
jcv	2
mandag2	2
l8c4	2
c-terminal	2
b19	2
insect	2
anti-tuberculosis	2
panx1	2
anti-gag	2
katg	2
anti-eif2	2
anti-dpd	2
eve	2
hsv1	2
trv	2
modified	2
hc11	2
glycoproteins	2
acid	2
ct2	2
g5p	2
hspa5	2
making	2
anti-egfp	2
ck19	2
tools	2
anti-uis4	2
animals	2
anti-mapk	2
anti-flip	2
anti-omps	2
anti-flic	2
glut1	2
anti-opa	2
anti-opc	2
anti-opn	2
cd31	2
12f10	2
pgl-1	2
anti-sbp1	2
synthase	2
decorin	2
anti-caix	2
a/c	2
rt	2
la	2
b1	2
dcg-04	2
image	2
anti-relish	2
anti-ataxin-3	2
-hsd	2
cralbp	2
ren	2
anti-cnot9/rcd1	2
anti-nef	2
collagen	2
anti-e1	2
tau-sh-sy5y	2
anti-factor	2
zo-1	2
ompa	2
anti-lmp1	2
sacri	2
anti-mic2	2
prestin	2
l1c6	2
preliminary	2
clasp	2
dorsal	2
nkx6.1	2
anti-ldb1	2
beta-tubulin	2
huh7.5.1	2
anti-isl1	2
tuj1	2
anti-hla-dr	2
anti-gst	2
vglut	2
omp	2
ccr5	2
-gal	2
cp	2
em48	2
quantitative	2
anti-mitoporin	2
ct-395	2
fnr	2
cep192	2
anti-l2	2
anti-l.	2
anti-lrrk2	2
icsm18	2
fk2	2
fetal	2
tcr	2
anti-bcl-xl	2
anti-vif	2
sequence	2
anti-calnexin	2
anti-ap2	2
mosquitoes	2
14-3-3	2
dnmt3l	2
tma	2
dcx	2
fluorescent	2
embryos	2
parp-1	2
anti-dpabp	2
anti-rb6	2
anti-deif4e	2
support	2
b-myb	2
tlr4	2
breeding	2
anti-dnmt3l	2
probes	2
anti-reissner	2
tissues	2
anti-chick	2
myc	2
humanized	2
anti-him-3	2
ezh2	2
details	2
anti-vinculin	2
ring1b	2
anti-dc-sign	2
anti-atrx1	1
dynamin	1
anti-ucp1	1
scl	1
fsp1	1
anti-c5b9	1
anti-myhcemb	1
anti-ama-1	1
anti-hmg2a	1
hydralazine	1
flow-cytometry	1
7b11	1
moab2	1
anti-mspa	1
anti-vhl	1
mws	1
anti-sfsv	1
endoglin	1
therapeutics	1
anti-zbp1	1
sprague	1
antigg2	1
c-flip	1
anti-lana	1
quadruple	1
anti-gla	1
anti-nsp	1
phosphor-erk	1
atl-1	1
anti-tlp	1
anti-dpms	1
ucp1	1
hca46	1
prk5-ha-parkin	1
anti-nis	1
anti-cii	1
dazl	1
cngb1-ha	1
anti-spn27a	1
mab83f6	1
tl1a	1
anti-cld4	1
anti-nucleolar	1
terminal	1
anti-msp1	1
anti-spin	1
replication	1
nucleocapsid-specific	1
jim5	1
coding	1
gilthead	1
mp6	1
anti-ferrochelatase	1
anti-borf1	1
zr-75	1
anti-glucan	1
anti-meis332	1
7pa2	1
anti-mlc/phospho-mlc	1
vector	1
anti-noggin	1
s100a8	1
1089m	1
xap2	1
cmv	1
295	1
p-jnk	1
anti-opr86	1
anti-pin2	1
pat1	1
nmdar	1
10h	1
plew100	1
anti-hurp	1
anti-foxo3a	1
pgl3	1
anti-lpta	1
porcine	1
sucrase-isomaltase	1
dgt5	1
anti-sal	1
her3	1
periodontitis	1
vppase	1
anti-biotin	1
anti-mcm5	1
cr3022	1
3xtg	1
a-fabp	1
anti-tgama1	1
girk2	1
sj1	1
dr5	1
supplied	1
anti-hupad4	1
myd88-deficient	1
mpep	1
gcet1	1
anti-vasopressin	1
anti-pm	1
tnap-cre	1
anti-wg	1
anti-brn3	1
12g10	1
mef	1
pcdna3-myc-rip2	1
anti-cfp-10	1
h77	1
anti-luma	1
herg	1
ossut1	1
hcmec/d3	1
phes1-d2egfp	1
anti-cxcr4	1
gem25.2	1
takashi	1
w226	1
f-95	1
gli	1
substance	1
-c	1
226l	1
ot15e	1
anti-psmad2	1
gld	1
nog1	1
anti-p58	1
ad-ha-pp2c	1
bmh29l	1
transfected	1
thymosin	1
anti-denv-2	1
ul44	1
anti-rbf2	1
tp508	1
kb-c2	1
anti-rbf1	1
cxcr4-specific	1
oligonucleotide	1
anti-gpeet	1
ma18/7	1
vp3	1
anti-mda5	1
ground	1
anti-kata	1
cdr1	1
alz-50	1
pc12	1
highly	1
anti-pr-3	1
anti-helios	1
subgenomic	1
vibrating	1
anti-tnp2	1
supernatants	1
unit	1
txnpx	1
ssea4	1
67cu	1
anti-hfq	1
e1	1
anti-napi-2a	1
negative	1
anti-n-wasp	1
anti-cart	1
anti-agt	1
anti-pfor	1
anti-synaptopodin	1
anti-sap	1
13a9	1
eng+/	1
ed31	1
protein-c	1
sm5-1	1
breeders	1
anti-hcp-4	1
anti-atp7a	1
3g5	1
uic2.conflict	1
pertussis	1
sfb-fan1	1
npc1-null	1
l8a4	1
98	1
aeruginosa	1
anti-crmp4b	1
ndrg1	1
ras2val19	1
hsp16.2	1
supplemental	1
e9e10	1
anti-ribh2	1
pwpi	1
du145	1
tnp	1
tdtomato	1
anti-serrate	1
cal1	1
worm	1
tfeb	1
anti-c23	1
anti-vegfr2	1
anti-pet100p	1
cyld	1
cm1	1
pat-153-xho	1
9eg7	1
photomicrograph	1
ax1	1
erk	1
h-2kb	1
pfhsp70-1	1
m-se	1
anti-p3	1
myod-cre	1
dnlp	1
dhhc	1
5-ht2ar	1
pde3a1-dn	1
sec61p	1
anti-lrp1	1
anti-lrp6	1
anti-sqv-8	1
asisi	1
non-commercial	1
anti-nc82	1
mei-s332	1
anti-hp1	1
gmpcpp	1
anti-flv3	1
scfv	1
qcpn	1
sun2	1
hmo1	1
anti-incg	1
anti-uroplakin	1
anti-inca	1
intracellular	1
anti-hsf2	1
preparing	1
pegfp-lc3	1
anti-phospho-thr182	1
g6pd	1
anti-gata2	1
c595	1
anti-mbp2	1
cat-egfpflox	1
anti-usp11	1
oci-aml3	1
anti-ketty	1
polymerase	1
coilin	1
m-cadherin	1
anti-npas4	1
anti-nedd8	1
anti-sel1l	1
tularensis	1
wt1-cre	1
urocortin	1
synemin	1
anti-doc2b	1
hpaie	1
p0004s	1
cd133	1
rfp-tub1	1
igg1	1
vapa	1
anti-resa	1
en1	1
fitc-conjugated	1
g19	1
iv-spectrin	1
n-ceacam-fc	1
icam-1	1
lfng	1
anti-nrf1	1
anti-eb	1
sid2-2	1
tomlinson	1
anti-cd79b	1
act-1	1
anti-ricin	1
ld50	1
interferon	1
mx1	1
anti-fan1	1
ct-99021	1
anti-kn1-antibody	1
anti-galc	1
red-67	1
phospho-rad53	1
anti-sin3a	1
activating	1
gcdh	1
anti-discoidin	1
fir	1
mgawn1	1
anti-zfspt5	1
l1-egfp	1
clh	1
nsp2	1
cdx2	1
anti-espe	1
acm1	1
production	1
fig	1
anti-aoc3	1
anti-ndhj	1
vx-745	1
anti-ift88	1
inhibitor	1
km694	1
anti-lmjlcb2	1
vps45	1
anti-o157	1
mio-m1	1
anti-phospho-paxillin	1
xir-126	1
dkk4	1
mw1	1
xp38	1
nup153	1
9	1
yeast-two-hybrid	1
pooled	1
ews-pea3	1
mgmt	1
anti-lim1/2	1
rnf4	1
ftsz	1
dec2	1
perp	1
anti-h1.t	1
anti-hleo	1
anti-islet1	1
vert-x-il-10	1
sivagm	1
hemagglutination-inhibition	1
mcmv	1
s46	1
hek293	1
zn-5	1
trpv4	1
amyloid-conformational	1
bone	1
anti-vg	1
financial	1
xct	1
nt1	1
anti-rab5a	1
alphavirus-specific	1
mp-12	1
anti-pfenolase	1
anti-mr1	1
h3k27me3	1
h3k27me1	1
anti-denv	1
anti-baf45c	1
anti-slitrk6	1
gst-rankl	1
ptprk	1
ankyrin	1
3h5	1
anti-dmvasa	1
anti-3	1
mv3	1
velvet	1
anti-msy2	1
borealin	1
clade	1
anti-mxa	1
sod1	1
smp	1
runx2	1
runx3	1
runx1	1
ra	1
dgk	1
anti-otd	1
fepa	1
rantes	1
dsc	1
semaphorin3c	1
a/georgia/f32551/2012	1
sdc1	1
aggrecan	1
8h4	1
his2avd-gfp	1
pmad	1
anti-rotavirus	1
lig4	1
anti-sag1	1
forskolin	1
mab200	1
lig3	1
anti-nf165kd	1
anti-igf2r	1
anti-kahrp	1
anti-s	1
fhv	1
r521	1
equine	1
anti-xl	1
anti-v	1
anti-pacsin1	1
anti-cds1	1
nucleolin	1
sahh	1
anti-ptst	1
-dnc-1	1
7	1
mva	1
nox4	1
anti-rheb	1
epcr-deficient	1
anti-l	1
pzjm	1
dcc-deficient	1
chd3	1
nlgn2-ko	1
cb1r	1
rbsdv	1
chd8	1
fabp4	1
a3g	1
4-39-cc	1
ae15	1
anti-asf/sf2	1
vu17	1
flagella	1
anti-glut2	1
2a8	1
anti-mg-h1	1
1b1.3a	1
anti-reg-1	1
il12	1
cho-trvb	1
spred2-specific	1
anti-ae2	1
anti-p48	1
motility	1
e2fa	1
anti-canarypox	1
r418	1
hermes3	1
anti-p40	1
anti-endoa	1
ptc124	1
pesticin-containing	1
anti-trx1	1
mch-gfp	1
chl27/crd	1
agr2	1
gammah2ax	1
ae1b	1
tdm-2	1
ift74	1
anti-ifitm3	1
anti-her2	1
anti-ifitm1	1
fmrp	1
l11jus8	1
tap-1	1
white	1
anti-cxfv	1
gp-far-1	1
aqp2	1
bdv-specific	1
anti-exd	1
e51	1
anti-dcreb2	1
anti-profilin-1	1
trcp	1
scr13a	1
phosphorylase	1
btpa	1
src	1
anti-dectin-1	1
fam111b	1
rag	1
rab	1
anti-xcp2	1
timcodar	1
5.1.1	1
anti-5-ht2a	1
rcs-p+	1
anti-phol	1
anti-myhc	1
anti-phop	1
seed	1
rar	1
geminin-specific	1
ku80	1
antisyntaxin	1
g130	1
phospho-tsc2	1
mxig	1
f9	1
arl8	1
anti-rat-elav	1
pc-ptp	1
akt1	1
anti-l1-orf2	1
anti-epsilon	1
vsv-fl	1
arl2	1
cd81-lel-gst	1
anti-cystatin	1
anti-slow	1
anti-dlx-2	1
anti-drug	1
pvsv-g	1
anti-d2r	1
serca2a	1
lb1	1
gch1	1
anti-foxp3	1
sars-cov	1
anti-foxp1	1
anti-dmwasp	1
ftsh-specific	1
tya	1
bsr	1
4b4	1
ap194	1
anti-m2-1	1
tissues.financial	1
scripts	1
nr2a	1
m6pr	1
anti-myogenic	1
-vp16	1
anti-iswi	1
anti-cram	1
cd11c-egfp-dtr	1
anti-sf1	1
anti-adenoviral	1
anti-stm	1
anti-stn	1
lpp	1
abh	1
anti-sec12	1
anti-cdpiib	1
anti-ndhi	1
anti-glutamine	1
silencing	1
anti-amvg	1
anti-igf-1	1
f2f4	1
anti-elephant	1
anti-acth	1
anti-mptpa	1
api	1
anti-stonin2	1
cd2	1
rpos	1
anti-ha-calpm	1
anti-epimerase	1
anti-tnf	1
gabaar	1
ploxfnfdt	1
kallikrein	1
h3k9-specific	1
anti-c-myc	1
hs100a15	1
3e2	1
anti-aspergillus	1
anti-bsf	1
stella-gfp	1
anti-bsa	1
fund	1
aldp	1
mp20	1
spl2	1
plenti4-flag-cpo	1
mrec	1
anti-p-s6k	1
hrg	1
anti-reelin	1
anti-sapp	1
anti-pnag	1
hpv33-specific	1
11	1
ect2	1
anti-abdb	1
cub-serine	1
anti-lmjnmt	1
13	1
anti-ribosome	1
anti-smase	1
yfv	1
p-c-jun	1
ift88orpk	1
sag1	1
anti-gm130	1
nvp-aam077	1
cgmp	1
hic1-2b4	1
anti-cho	1
anti-kshv	1
bel	1
anti-acetyl	1
cd46/isotype	1
mdm4	1
anti-bpv-2	1
anti-pdi	1
bax	1
f59	1
anti-col7a1	1
anti-hmga2	1
anti-mglur7	1
mycobacterial	1
anti-aire	1
mglur	1
cf2-cd4	1
kb-3-1	1
peripheral	1
mec13	1
cathepsin	1
ac-smc3	1
hj3.4	1
anti-cad3	1
4d1/c2	1
tfiih	1
lalita	1
anti-sinv	1
alternative	1
anti-hexim	1
techniques	1
lrp1-antibody	1
ertr7	1
mdr1	1
cdc25b	1
anti-rna	1
propo	1
glycodelin	1
beclin1	1
nadph	1
il4	1
anti-gd	1
anti-lip-1	1
anti-cbpa	1
ds-egfp	1
anti-cox-iv	1
anti-tub4	1
npm-mutant	1
c-jun	1
top2a	1
wg	1
pfhsp70	1
isoform-specific	1
wts	1
anti-rod	1
anti-tarp	1
rgr	1
anti-ptox1	1
pad1	1
anti-mlc2	1
anti-adamts13	1
thr1493	1
anti-glp-1	1
anti-pfhsp70-1	1
anti-ck7	1
sha31	1
6b12	1
psecmyc-unc5a	1
patented	1
f11	1
anti-endo180	1
anti-h+/k+	1
anti-oxytocin	1
abhd15	1
anti-rop5	1
phospho-selective	1
ncad	1
egfl7	1
pfama-1	1
l929	1
pab240	1
braf	1
egfp-cre	1
mon	1
bm3.3	1
p300	1
post-surgical	1
anti-zo1	1
anti-oga	1
anti-sera1	1
anti-phage	1
lhx2/9	1
anti-lhrh	1
p450scc	1
anti-h3k27me3	1
anti-trio	1
karen	1
anti-hub1	1
ic12	1
l19-sip	1
ag43	1
brevican	1
pdia-cd61	1
anti-eyg	1
versican	1
anti-dll4	1
pseudovirion	1
5e11	1
sera5	1
sf9	1
8wg16	1
anti-tbvp1	1
10b	1
phospho-relish	1
anti-9g8	1
ip3r1	1
anti-spoiisa	1
anti-glt-1	1
cdc5	1
anti-prorop4	1
anti-phosph-ser	1
anti-topo	1
anti-flcs	1
anti-domino	1
anti-cab5	1
bo-18	1
anti-hoxf	1
anti-cut	1
anti-cd61	1
anti-hoxh	1
-syndecan-4	1
bbs6	1
foxo1	1
anti-fut8	1
anti-nsp4	1
anti-ccr2	1
serw3	1
gata4	1
anti-ctf19	1
anti-line	1
mcp	1
anti-n-terminal	1
anti-gabaareceptor	1
anti-cd115	1
suz-12-specific	1
pgk-cre	1
n	1
uas-racir	1
ail	1
slo	1
anti-trip6	1
anti-sik1	1
aif	1
anti-p73	1
characterizing	1
a20	1
ix	1
anti-eh	1
p67	1
p66	1
anti-c21	1
top2	1
ypt1-3	1
cona	1
desmosomal	1
anti-ribh1	1
fgf23	1
cone	1
anti-napi-2c	1
anti-acrosomal	1
ib	1
gad-6	1
lmp2a	1
xalk3	1
ant-mvh	1
anti-sstr3	1
col2a1-luciferase	1
pcl-eco	1
anti-tgg2	1
anti-biglycan	1
ppoli	1
canalicular	1
complex	1
anti-gga3	1
anti-ppt1	1
13c4	1
lef1	1
chx10	1
independent	1
ara/caup	1
pdx-1	1
sr141716	1
anti-u2af65	1
unc-17	1
dpy-27	1
topi	1
d5-igg1	1
nis	1
yfp-expressing	1
anti-s100a12	1
nop58	1
anti-capsular	1
anti-dcp1	1
shh-cregfp	1
uas-pumilio	1
anti-c24	1
anti-desmin	1
pi3k	1
anti-cytokeratin	1
anti-apoc17	1
anti-stag2	1
al-9	1
epm	1
kim6+	1
anti-gp52/36	1
anti-toc159-2	1
-mix-1	1
thrombospondin-2	1
anti-gpnmb/oa	1
anti-sho	1
protocol	1
app-ct15/ct20	1
c167	1
apobec3g	1
anti-pri1	1
mh33	1
fadd-	1
anti-transportin-1	1
anti-tbx16	1
il-10	1
prochlorococcus	1
gctm2	1
anti-5e11	1
caveolin-1	1
tbgs	1
hp-1	1
-galactosidase	1
tpcn1	1
irradiated	1
anti-his	1
sulfs	1
ck7	1
drosophila-specific	1
esr36	1
anti-actubulin	1
affinity	1
mab13	1
anti-pmv	1
allele	1
rh1-gfp	1
gad1	1
nrp2	1
mab19	1
cd20	1
anti-mch	1
egfr	1
r2376	1
biospecimens	1
clik-148	1
fusion	1
il-17a	1
anti-igfbp6	1
pbmc	1
pptex150-ha-glms	1
phospho-ttp	1
anti-etr1p	1
anti-tbrab1	1
nipbla/b	1
anti-pymt	1
nk1	1
mthfr	1
nude	1
gifted	1
smc1/smc3	1
bosentan	1
anti-col	1
ant-brd4	1
av	1
mosquito	1
anti-krt15	1
vicki	1
anti-dsba	1
myoa	1
rosa-eyfp	1
hunchback	1
anti-tacc3	1
anti-il-32	1
rils	1
bri	1
hl-1	1
anti-h1	1
anti-domain	1
rat-401	1
hs1	1
stardust	1
lamp2	1
cx35-specific	1
multiple	1
prx1	1
rasgap	1
anti-cd11a	1
-tat1	1
gga1	1
s58h2	1
anti-lyl1	1
s6k	1
pbp-2b	1
anti-dsred	1
-sarcin	1
anti-stomatin	1
contributing	1
spliceostatin	1
anti-cpla2	1
anti-nehcp-a5	1
cnn	1
sep3	1
sw13/cl.2	1
anti-gp135	1
anti-rab11	1
anti-pia/pnag	1
vps26	1
anti-mannii	1
hdac7	1
hdac6	1
six4	1
anti-hs	1
anti-cor1	1
hepatic	1
r-script	1
anti-hu	1
anti-col10a1	1
anti-hn	1
anti-phospho-sqh	1
super	1
pofut1tm1pst	1
tetramer	1
anti-xap-1	1
substrate	1
setdb1	1
neutralising	1
anti-aphviii	1
anti-ago	1
smg-1	1
anti-spok	1
5-ht2cr	1
pdk4-/-	1
thr-286	1
anti-caro	1
hdel	1
anti-lamp2b	1
crtl1	1
mrlc	1
jacques	1
lonafarnib	1
anti-pkd3	1
lmn-1	1
anti-palladin	1
af27	1
anti-th	1
ppd	1
thiolase	1
aurkc	1
anti-ndpk2	1
adjuvants	1
hipscs	1
anti-cralbp	1
anti-cd6	1
beta-giardin	1
anti-ywdl	1
913.12	1
anti-cvh	1
fxyd3	1
ba103	1
p48-cre	1
znt-3	1
anti-yope	1
flag-ago2	1
anti-huisg15	1
why1	1
hemocytes	1
anti-lap1	1
anti-f.	1
anti-pcft/hcp1	1
cbx1	1
microsyringe	1
pgl3-pten	1
-arrestin	1
anti-pofut1	1
chorionic	1
nk3r	1
plat-e	1
anti-cdh	1
14f7	1
hmga2	1
brucella	1
anti-arc	1
immunofluorscent	1
pp1	1
tuchl1	1
anti-hsp104	1
atf4	1
p73	1
anti-nedd4-2	1
flnb	1
endosialin	1
anti-synorf	1
anti-ft	1
73.18	1
anti-ov6	1
anti-ccd	1
anti-tasa	1
mtp	1
pcdna3.1-flag-gli1	1
vrc03	1
ap5z1	1
anti-rspo1	1
anti-htra	1
act-pbase	1
isia	1
anti-fc	1
anti-tasp	1
anti-fn	1
azt	1
ngr1	1
hpaemoy2-infected	1
ifn-	1
rifin	1
anti-atfa	1
phospho-ser403-p62	1
tgf-	1
guidance	1
3.1	1
pax2b	1
saos-il1r	1
pflyfos	1
anti-p26	1
crtr-1	1
r1/e	1
foxn1	1
anti-map1b	1
dr4/5-targeted	1
msl1	1
pou5f1	1
anti-zsufu	1
stra8	1
p130cas	1
anti-atp2	1
anti-m3g	1
hek293a	1
anti-m1g	1
anti-fncbd	1
anti-cck	1
anti-p67	1
mcak	1
np	1
anti-dilp2	1
tig	1
nt	1
sw-1	1
hurp	1
a10	1
conditioned	1
a12	1
models	1
rxr/rar	1
anti-wwc1	1
ovaries	1
kh7	1
ago-1	1
langat	1
iba1	1
6e10	1
anti-casz1	1
anti-igf-ii	1
utsw	1
nspc1	1
antigliadin	1
hemophilia	1
hippocampal	1
mar-1	1
anti-polaris	1
flag	1
anti-msl-1	1
aurora-b	1
cx36	1
muc19	1
n1	1
anti-efb	1
gfp-tubulin	1
arx	1
immortalized	1
anti-sro9p	1
real-time	1
rod	1
l11	1
anti-eba175	1
hea125	1
comments	1
anti-testisin	1
anti-ph2ax	1
3a2	1
zeb1	1
anti-vglut1	1
ng108	1
rp291	1
apb5	1
dtulp	1
anti-kis-l	1
msl	1
rpc155	1
pfsr	1
kim5+	1
dba	1
anti-pom152p	1
anti-sv2	1
tev-his6	1
egfp-rab7	1
dscam	1
anti-elp3	1
elav	1
hepg2	1
nav1.2	1
anti-argpyrimidine	1
p1h11	1
kcnq2	1
um-scc	1
cadherin-6	1
pcepb56	1
erv	1
syfp2	1
c-pepck	1
malaria	1
ghost-parental	1
anti-pfr1	1
anti-pfr2	1
vicky	1
pa01	1
pdgf-c	1
pkn1-flag	1
cixutumumab	1
anti-titin	1
anti-comp	1
bflf2	1
deaf-1	1
anti-dnmt2	1
anti-keratocan	1
18-6.	1
tumv	1
p	1
a5b7	1
anti-hcf	1
anti-ampk	1
anti-capsule	1
oligo2	1
anti-cap5.5	1
anti-vgat	1
anti-ampc	1
anti-h2kd/csp	1
pcdna-gsh2	1
am3-a	1
stx-specific	1
phfk	1
pcaggshckn	1
ptf1a/p48	1
rop	1
vsg2	1
nop56	1
htk	1
antineurofilament	1
anti-eea1	1
bp1-ab	1
xl-2	1
pml	1
anti-sm50	1
flp66	1
cdh11	1
cdh10	1
anti-pdpc	1
hsd	1
plp	1
anti-ecm1	1
anti-bdnf	1
erg	1
alk-1	1
anti-ubx	1
anti-phospho-ser133-creb	1
anti-il-23	1
galff	1
anti-vhsv	1
depleting	1
emx2	1
vanderbilt	1
emx1	1
anti-rop18	1
suppressors	1
puas-lgl-myc	1
goldfish	1
sending	1
troma	1
dyndko	1
olig-2	1
anti-rab7	1
anti-pld	1
anti-lcad	1
anti-asic1	1
anti-pfck1	1
rhodopsin	1
mx	1
reelin	1
rpd3	1
anti-msra	1
eapp	1
trpv1	1
tbr-1	1
useful	1
-fra	1
ho-1	1
pdx1cre	1
anti-znt3	1
anti-tpd52	1
1st	1
marker	1
bhk-21	1
anti-wfs1	1
acap-27	1
ferroportin	1
vglut1-3	1
anti-rlc	1
anti-er	1
anti-dj-1	1
reactive	1
zfp53-9.1	1
cho-expressed	1
hla-dr	1
ub-chain	1
anti-tbgrasp	1
cmyc-plasmid	1
kong/156/97	1
anti-rad21	1
loricrin	1
lungfish	1
msh	1
ud1	1
anti-cp8	1
anti-ier3	1
anti-vph1p	1
-drs2p	1
anti-agrin	1
anti-tgf-	1
myc-cap	1
anti-pif-antibody	1
anti-cd22/cal	1
nanos2	1
anti-isl-1	1
anti-endosialin/cd248	1
flag-gfp-kdel	1
bcy1	1
ser4	1
upci	1
anti-flge	1
anti-c10	1
pfpmv	1
olc12	1
nlrp3	1
c43	1
big2	1
anti-iap	1
148.3	1
ms2	1
anti-ror1	1
anti-iav	1
cdh-5	1
ing2	1
labeled	1
serpine1	1
tbx6	1
59d8	1
ocx-36	1
tbx5	1
chimera	1
proviral	1
anti-tat1	1
anti-lingo-1	1
orf45	1
cd8	1
anti-tnsalp	1
set7/9	1
anti-p220	1
anti-ddx4	1
groucho	1
f10-89-4	1
performed	1
anti-pan-up	1
znp-1	1
peptide	1
r21	1
anti-ehd1	1
anti-bsep	1
s5	1
s4	1
pfgapdh	1
flag-ragd	1
anti-er-	1
optimal	1
ftzc	1
alternate	1
anti-mdm12	1
ng2	1
anti-mdm10	1
anti-so	1
nkx3.1	1
anti-bnip-h	1
mapc	1
anti-ccl2	1
anti-mts2	1
clone	1
tmprss6	1
pthr345-ezh2	1
mad	1
pet28	1
pyfpc3-tpx2	1
slbo	1
mal	1
anti-su	1
anti-gg2	1
c4f6	1
anti-contactin-2	1
anti-siglec	1
anti-mdr1	1
anti-nkx6.1	1
anti-shcd	1
anti-dtorsin	1
deltanp73	1
h1.0	1
ceacam1	1
pax4	1
cm-t807	1
anti-brp	1
mb1a	1
anti-masp-2	1
oncology	1
anti-ape1	1
m-cpti	1
htaf4	1
tk1	1
leptin	1
anti-53bp1	1
dmt1	1
anti-atg5	1
anti-orf59	1
anti-bmp	1
msx1	1
anti-ecdysone	1
prominin-1	1
atp7a	1
malondialdehyde-acetaldehyde	1
eset	1
anti-tom70	1
anti-kpp2-antibody	1
hvga-s10	1
sec12	1
qdot	1
bmal1	1
apec	1
anti-cd46	1
jnk/sapk	1
dab1	1
anti-akh	1
gli3-190	1
anti-hot1	1
toxin	1
wnt3a	1
anti-unf	1
nod	1
som	1
4e-bp1/4e-bp2	1
wild-type	1
rb6-8c5	1
hmeecs	1
sec8	1
1b	1
ankyrin-1	1
trpm5-gfp	1
scgb1a1	1
7b3	1
ntla	1
anti-styr	1
arflox	1
anti-corneodesmosin	1
ccrc-m1	1
anti-ps676	1
anti-cpd	1
anti-tceif2	1
col-19-gfp	1
h2bub1	1
mesenchymal	1
4-hne	1
ab-1	1
antidesmin	1
nrda	1
anti-centrin	1
dimethyl-histone	1
cetp	1
wsp-1	1
pbs57-loaded	1
spo11-ha	1
anti-ompatb	1
lm3	1
mhsp70	1
bovine	1
anti-h2avd	1
nf186-specific	1
e-12	1
ex	1
cm-1	1
mamyoferlin	1
et	1
anti-klp10a	1
gp63	1
er	1
sik3	1
crmp	1
anti-gap45	1
anti-pol	1
anti-opsin	1
cytf	1
anti-ts	1
anti-ago1	1
hca	1
hcg	1
pcm29	1
anti-gg1	1
ras2	1
plew	1
eagle	1
sheffield	1
anti-hmgcr	1
anti-h-ras	1
hspz	1
jla20	1
anti-erd2	1
dab-1	1
e8	1
anti-gurken	1
pimonidazole	1
e5	1
e4	1
e6	1
orb	1
orc	1
tsh-r	1
anti-dlx1/2	1
training	1
anti-gc1qr	1
anti-gpr17	1
ciic1	1
gip	1
bl2	1
vaccination	1
anti-schsp12p	1
pkm2l-phk5	1
fancd2	1
anti-nedd4	1
hsp60	1
mer590	1
anti-oxpc	1
pfemp1	1
riib	1
enhancer	1
acco	1
ser314	1
pex19-defective	1
zns-5	1
glucagon	1
manduca	1
mmhc-b	1
amoebapore	1
mch58	1
anti-mp-12	1
f99	1
custom	1
anti-dmrg15	1
hen1-1	1
sheep	1
odf1	1
3xtg-ad	1
hph2	1
timp	1
rbpj	1
a/b	1
lentivirus-packaging	1
cvak104	1
anti-ledgf/p75	1
sorbinil	1
m157	1
fmi	1
dspd-2	1
infected	1
anti-synaptophysin	1
flotillin-1	1
paav-double	1
anti-ebna-3	1
oec-2	1
brachyury	1
anti-phospho-ser515-cpla2	1
14.gd2a	1
desmoplakin	1
copi	1
interesting	1
plc	1
anti-muc10	1
egfp-ph	1
anti-pyy	1
anti-taco	1
pathogens	1
anti-grk7	1
photographic	1
anti-ago4	1
anti-dmef2	1
spc-cre	1
10	1
sert	1
oatp	1
17	1
anti-ll-37	1
bocksbeutel	1
anti-cp110	1
caf-1	1
zl-1	1
anti-k-rta	1
anti-odd-skipped	1
gfp-labeled	1
anti-dll	1
pacsin1	1
senescent	1
myospheroid	1
anti-t.	1
mt3e/a	1
asic2-/-	1
bo2/gfp.2	1
bdv-x	1
anti-swi6	1
saf	1
anti-rf	1
pegfp-c1-ataxin-3	1
fv2e-perk	1
anti-dnai1	1
anti-cf1	1
cx35/36	1
anti-rt	1
hp1a	1
anti-ssea1	1
ataxin-3	1
p-smad-1/5	1
ataxin-1	1
hcmv	1
psaa/b	1
anti-dsg2-3b11	1
cfhr5	1
isolate	1
mr1	1
aqp1a1	1
anti-d.	1
equipment	1
frt-neor-frt-containing	1
anti-mmp10	1
lhx9	1
anti-ehec	1
anti-gluriib	1
anti-aco1	1
nc82-antibody.this	1
channel	1
acetyl-pht1	1
anti-pcs	1
anti-pilc	1
tfam	1
204	1
anti-cd11b	1
mc-480/ssea1	1
anti-bak1	1
anti-vsv	1
anti-pilq	1
anti-itp	1
il-2t6	1
rnap-specific	1
rex1	1
sa1	1
anti-hnrnp-c1	1
pr8	1
fantom	1
anti-mad2	1
tak1	1
tendon	1
c-741	1
mrx	1
anti-nkcc1	1
fc-tweak	1
anti-ldhgprt	1
psd95	1
anti-muc3	1
anti-dl	1
a1ct	1
anti-di	1
anti-lps	1
anti-dg	1
senior	1
anti-beaf	1
anti-versican	1
anti-ehd	1
anti-erm	1
81-176	1
gabaar-beta3	1
anti-sp1	1
anti-hm1.24-igg1	1
nts1	1
tbbip	1
homer1b	1
anti-nurr1	1
anti-pfemp1	1
ap-33	1
pchk1	1
feedback	1
msn2	1
usod	1
anti-sept2	1
anti-d-beta-aspartic	1
anti-drk	1
anti-sgt1	1
anti-bes1	1
ascl1-luc	1
anti-mopb	1
anti-dpp6	1
anti-tgplp1	1
sv40	1
xmr	1
anti-mbl	1
myo117	1
kahsp40	1
nl2	1
ssx	1
anti-r7bp	1
anti-cas	1
anti-mts4	1
anti-mitf	1
mlh1	1
p97	1
anti-dm-calpain	1
inos-deficient	1
tradd	1
nphp4	1
high-quality	1
jf1	1
gem	1
anti-pfrh5	1
anti-xdazl	1
-h2av	1
anti-tfr	1
anti-cpb	1
gc1	1
anti-cxcl9	1
anti-otx	1
fhcrc	1
tetracycline-inducible	1
anti-flaa	1
anti-lysozyme	1
yopm-pacyc184	1
anti-flab	1
creb	1
anti-rd21	1
ha-rrhogap.prc	1
il-17ra	1
tcf-4	1
hiv-based	1
anti-darpp-32	1
anti-gsx2	1
anti-sbi	1
anti-myosin	1
pub221	1
lhx3	1
tra98	1
anti-frataxin	1
anti-brg1	1
sl1344	1
varo	1
anti-ebna3b	1
lcl8664	1
detect	1
anti-srebp	1
mopv	1
anti-caspr2	1
ccm1	1
anti-kv2.1	1
anti-kv2.2	1
anti-reln	1
palivizumab	1
cd1-deficient	1
herbal	1
anti-orc	1
anti-a/hong	1
anti-krit-1	1
flcn	1
perlecan	1
plucf	1
anti-nrp-1a	1
cc2c6	1
-actinin	1
cyct	1
ie1	1
ct-a	1
mtb	1
anti-elav	1
anti-neun	1
comm	1
anti-hordein	1
20	1
h+-atpase	1
nucleotide	1
flcs	1
monoclonals	1
bak1-ct	1
anti-sb3	1
dario	1
23	1
anti-atsun1	1
anti-opticin	1
pum2	1
antiactin	1
pbbk32	1
x-ray	1
taf15	1
nkx2-2	1
anti-full	1
dkk	1
rad9	1
anti-cstf-64	1
ps261	1
b3.90	1
mes-4	1
anti-lap	1
gfp-m	1
rabbit-derived	1
pcw	1
anti-krv	1
anti-lam	1
je	1
anti-dor	1
anti-ng2/cspg4	1
fosmid	1
eads	1
anti-nf-ya	1
sult2a1	1
anti-phya	1
gabac-r	1
ox-7	1
fmrfamide	1
krt2	1
gat-3	1
bf-35	1
jim13	1
anti-camkii	1
venus-containing	1
anti-lamp-1	1
2-48	1
marp	1
anti-tenascin	1
pcdna3-hscyclin	1
upf1	1
rawgfpactin	1
rangap-1	1
anti-ip3r	1
troma-1	1
cd4-toll	1
gfp-vpr	1
infective	1
tbp-specific	1
bmf	1
pol2	1
6f	1
anti-gbc	1
measles	1
bmh	1
prs303htt	1
anti-rangap1	1
tgmlc1	1
9a2	1
axo49	1
anti-spycep	1
ica69	1
anti-laminin	1
p450c17	1
gata-4	1
anti-epimorphin	1
pca	1
anti-caga-nt	1
troma-i	1
eiv	1
eif2	1
ij	1
anti-fpn1	1
anti-fbpase	1
anti-endomysial	1
schering-plough	1
plp2	1
anti-smedwi	1
psm1152	1
foxp2	1
endothelial	1
catenin	1
sumo-1	1
ivb	1
smad-specific	1
dg52	1
anti-msl3	1
f17r	1
rab6a	1
schneider	1
bar209	1
p7-specific	1
fll	1
rh/psag-lacz	1
anti-klrg-1	1
ctrp	1
anti-rip1	1
anti-chikv	1
anti-homer	1
anti-cs	1
anti-ad-01	1
granted	1
brn3a	1
rhifn-	1
yl	1
microarray	1
anti-ci	1
pie-1	1
pag	1
etramp2	1
marcks	1
anti-ca	1
gfap	1
pan	1
anti-cd	1
anti-pp13	1
anti-ireg1	1
anti-tep1	1
tepsin	1
hcn1	1
anti-ran	1
glp-1	1
anti-tbbilbo1	1
e4g10	1
arginase	1
anti-isocitrate	1
zd-1839	1
dcr-1q1147x	1
mpsiiib	1
ois	1
puhg10-3	1
anti-serpent	1
mcf-7	1
ckii	1
3f10	1
flt1tk	1
jmjd6	1
anti-c3	1
parvin	1
7g1-1	1
anti-tic40	1
tieg1	1
phospho-kgb-1	1
pep8	1
hybridoma-producing	1
anti-c.	1
e110019	1
nr2e3	1
anti-tat	1
anti-igd	1
anti-ev71	1
pep7	1
anti-neurophysin-vasopressin	1
anti-miwi	1
ateif6	1
anti-grasp	1
anti-tege373	1
anti-syntaxin13	1
mda-mb-231	1
sprr2	1
rest	1
anti-hlab/c	1
mmp-20	1
ubiquitin	1
multiplex	1
anti-subunit	1
anti-active	1
h.-p.	1
napp1	1
pfra42	1
anti-drosha	1
anti-abd-a	1
anti-p24gag	1
muc5a/c	1
pila	1
anti-p65	1
anti-exo70	1
anti-sir-2.1	1
4	1
cb	1
extensive	1
anti-dsi	1
real	1
mmp-28	1
d1b	1
psa	1
anti-igg2a	1
serologic	1
hela-h2b-eyfp	1
lin-41	1
pan-ago	1
anti-bcl-2	1
anti-pma1p	1
anti-nnos	1
rest/nrsf	1
baculovirus/monoclonal	1
mof	1
glu-tubulin	1
gfp-pts1	1
anti-ddcp224	1
6h4	1
anti-p30	1
cardinal	1
rsv	1
grk	1
anti-muh	1
anti-mage	1
anti-epha4	1
ptv	1
neuronal	1
ap33	1
tlr7	1
cyp7a1	1
anti-ldh1	1
anti-ldh2	1
rqh1-d	1
pnit-gfp-cre	1
hj16	1
anti-b5r	1
anti-ail	1
breadfruit	1
gabaar-specific	1
anti-cone	1
anti-n-methyl-d-aspartate	1
-lrp1	1
anti-r9ap	1
cs	1
anti-pspl	1
nf90	1
vglut2	1
anti-esam1	1
vglut1	1
ha-epitope-tagged	1
questionnaire	1
anti-p-app	1
anti-brca1	1
bubr1	1
anti-h12	1
anti-adipor1	1
anti-olig3	1
anti-c-terminus/app	1
neurofilamant	1
anti-gaba	1
anti-omp	1
anti-igf-ri	1
transferrin	1
securin-egfp	1
cd11b	1
3b2	1
anti-tucan	1
dac03	1
mle	1
wheat	1
scientific	1
k562	1
rbsdv-infected	1
ebna3c-specific	1
mau2	1
nmo	1
keratin	1
adiponectin-cre	1
raptor	1
complementation	1
e-selectin	1
aca	1
ol	1
kap121	1
anti-nup358/ranbp2	1
ma104	1
mrna	1
antineutrophil	1
acp	1
antibodies/plasmids	1
sry	1
anti-pka-c	1
ndpk	1
cambridge	1
protease	1
anti-hvr1	1
dhfr	1
antheraea	1
anti-perilipin	1
glua4fl/fl	1
amgen	1
mono-clonal	1
anti-hmsl1	1
brip1	1
anti-shiga	1
anti-niv-g	1
anti-h3s10phk14ac	1
tim23	1
netrin1-transfected	1
2b10c11	1
anti-sec61	1
hev	1
anti-huil-11	1
mdl	1
hes	1
mfrz8crd	1
hmb-pp	1
r3	1
rag2	1
anti-dhbc	1
dnase	1
low	1
bortezomib	1
endo180	1
rosa26-creert2	1
psp-e1a	1
anti-lbx1	1
fish	1
anti-sdf-1	1
nt2	1
cotl1/cpl	1
secreted	1
anti-scl	1
anti-prom2ap	1
anti-mamk	1
cloned	1
anti-human-art4	1
ranbp9	1
anti-crth2	1
foxo3a	1
pfadf-1	1
transgenes	1
spice	1
anti-irga6	1
dachsous	1
terminus	1
gga	1
ht29-cl16e-sox9	1
rhdv	1
u15	1
cabp5	1
anti-vv	1
anti-uvra	1
rhodamine-phalloidin	1
dve	1
anti-mimivirus	1
cmv-gfp	1
anti-il-10r	1
integrating	1
grasp	1
pc-3u	1
anti-p	1
ev71	1
anti-cslama3/4/5	1
ab	1
nex-cre	1
mycobacterium	1
themis-specific	1
certain	1
anti-lmo2	1
48d	1
cbp	1
g6pase	1
sglt1	1
anti-ilt2	1
sec63	1
olig2	1
anti-dpn	1
anti-e2a	1
phospho-smc1	1
lgl	1
m75	1
anti-tsl	1
hybrid	1
soxe	1
anti-centrosomin	1
dsx	1
caltech	1
anti-tsr	1
anti-sced	1
glycosaminoglycans	1
akata	1
anti-vaccinia	1
anti-git2-specific	1
anti-oprf	1
anti-kinesin	1
bacillus	1
anti-basal	1
anti-oprn	1
anti-ebv	1
anti-dopr	1
anti-lptb	1
md761-gal4	1
trpc4	1
pet21-pias3	1
ccr7	1
anti-ain-1	1
pactamycin	1
boris/ctcfl	1
anti-sma	1
anti-itga3	1
c2gc03	1
d27	1
cpg	1
anti-abcg5/sterolin-1	1
adam	1
anti-cd20	1
sox2	1
sox1	1
cpv	1
anti-cd28	1
scm	1
pao1	1
influenza	1
anti-shsp	1
alk	1
wnt5a-specific	1
sh-sy5y	1
anti-mmtv	1
duox	1
surgical	1
anti-taf	1
anti-pin1	1
anti-pe	1
anti-ph	1
als	1
gr	1
nestin	1
griffin	1
toxof64	1
bus-8	1
anti-glut-1	1
psmad	1
anti-blue	1
irak	1
pfk1	1
hakai	1
tn	1
mgcracgap	1
tm	1
hy5	1
palligator2	1
tf	1
s100b	1
homer	1
anti-p0	1
gfp-pick1	1
mpc	1
anti-p4	1
rhesus	1
unc-57	1
anti-apobec3g-c	1
anti-fip1	1
opaless	1
anti-klp61f	1
anti-ipse/alpha-1	1
rad51	1
perilipin	1
kappa	1
anti-mouse-cd1d	1
anti-pfs25-antibody	1
vero	1
pitx1	1
gcna	1
a/duck/niger/2090/06	1
s2056p	1
anti-pum	1
anti-gitr	1
sa564	1
mem-150	1
det3	1
hla-dqa1	1
6xhis-stag-musp10.dn3	1
cofilin	1
sma	1
anti-cchfv	1
small	1
anti-grg6	1
anticardicola	1
pha-tat	1
mte-1	1
ninein	1
rats	1
bmi1.puro	1
mlx-ha	1
ngn3	1
taf5	1
b20	1
eva1c	1
cln6	1
smych1	1
imc3	1
zeolin	1
differential	1
anti-nanog	1
anti-myosin7a	1
tev	1
paec	1
gdf7cre/	1
espin	1
hoxb7cre+	1
anti-hvem	1
ticks	1
ovarian	1
28g2	1
h3k9me2	1
relevant	1
anti-limk2	1
anti-oxldl	1
mda-mb-231-luc	1
k11-ub	1
anti-tssa	1
ncx1	1
anti-abi5	1
ncx3	1
gfp-p180	1
anti-tetherin	1
segmentation	1
reca	1
imcb	1
trail-r	1
anti-g4	1
pd173074	1
casr	1
anti-kmt2d	1
clones	1
anti-hif1	1
kdm6a/utx	1
antibodies.conflict	1
mab3-3	1
pan-sv2	1
ag85b	1
virf-3	1
anti-cnot7	1
cd154-deficient	1
rqh1	1
pfpfsub1	1
anti-crf	1
nedd1	1
anti-h/rcrf	1
autoantibody	1
anti-cnot8	1
anti-liprin-	1
anti-mcd1	1
pich	1
ab5	1
anti-hdel	1
gun4	1
icp27	1
enac	1
anti-hiv	1
hesperadin	1
vasopressin	1
antivimentin	1
vp5	1
3e8	1
puc18/35s	1
hd-121	1
anti-xcap-e	1
flag-pkn2	1
5137	1
protame	1
t53-f1	1
b220	1
anti-cnga1	1
anti-apobec3g	1
wfs1	1
anti-neogenin	1
n-palmitoyl-d-erythro-sphingosine	1
anti-lap2	1
anti-killifish	1
h1t	1
rbbp4	1
anti-oligomer	1
rubicon	1
anti-agr-1	1
anti-kisspeptin	1
6	1
anti-yopm	1
ch14.18/cho	1
anti-yoph	1
anti-pro-sp-b	1
anti-pro-sp-c	1
ox110	1
galleria	1
lunasin	1
ribosomal	1
m6-7	1
piggybac	1
amphotropic	1
anti-interleukin	1
3cb2	1
184a1	1
suz12	1
anti-p2x7	1
anti-ant	1
lrig3	1
anti-miwi2	1
fluorescently	1
anti-modc	1
anti-necc2	1
anti-b19	1
nona	1
syndapin	1
r.	1
h12	1
anti-sry	1
anti-zip1	1
anti-pcrv	1
mc-5	1
resources	1
v	1
grasp-1	1
phospho-trkby816	1
n1-17	1
pgex	1
tcde	1
anti-per1	1
pcaggs-mrfp	1
v-flip/k13	1
rasgrp1	1
f5	1
synchronized	1
hm1.24	1
myc-cert	1
suggestions	1
canine-specific	1
pan-sgg	1
centrin-3	1
anti-sera	1
wave1	1
anti-lsd2	1
usa300	1
gas2	1
orp9	1
gas6	1
k-cyclin	1
information	1
gfap-gfp	1
anti-man1b1	1
-gp120	1
socs3	1
glix8	1
lm34	1
mapk	1
npas4	1
anti-ph3	1
anti-bicd	1
pdk-2	1
anti-dicd	1
anti-rap1	1
tmprs22	1
13.1	1
gst-pdx1	1
rb4cd12	1
fp	1
anti-aplp1	1
plant	1
cytokine	1
anti-cse4	1
topbp1	1
ad4bp/sf1	1
m-calpain	1
htp-1/2	1
2e11	1
anti-mor28	1
3y1	1
ppc6n	1
fg	1
anti-heslike	1
fl	1
isa	1
anti-pfserp	1
constitutively	1
ck4515	1
keio	1
susan	1
anti-m	1
anti-merlin	1
anti-hcd81	1
anti-pho	1
anti-phm	1
54-11-10	1
anti-parv7	1
fasciclin	1
pcag-hivgp	1
anti-ccl12	1
anti-stat2	1
anti-ctbp2	1
orexin	1
anti-tdg	1
anti-bubr1	1
anti-pttg	1
urine	1
mousse	1
tegument	1
ce2	1
anti-tmpk	1
prf483	1
cd11c-yfp	1
gsk3	1
igf1	1
25	1
anti-invs	1
trka	1
mgfp	1
anti-scd5	1
anti-ptc	1
anti-ptb	1
nkp30	1
anti-ns3	1
cho745	1
hg-9-91-01	1
lcmv-np	1
muc5ac	1
tsp-1	1
duffy	1
pcf	1
anti-ptv	1
cb1	1
hmalat1	1
evi1sp317	1
anti-dscam	1
output	1
pd-l1	1
plzf	1
vaxgen	1
anti-pperi-site	1
sbv-	1
compound	1
eklf	1
pcmv-snap25-gfp	1
eif4g	1
eds1-2	1
anti-cd18	1
anti-zfh-1	1
anti-nck	1
anti-deadpan	1
rbc	1
anti-fibril	1
anti-ifnar1	1
pc2	1
pc3	1
anti-glycine	1
hsp990.conflict	1
anti-pm/scl-75	1
anti-cdh23	1
anti-htnf	1
phen-dc3	1
vglut2.2	1
lacy	1
mef2	1
2c	1
anti-tra	1
magi-1	1
tr-fret	1
characterized	1
nocturnin	1
cm235	1
shcbp1	1
anti-ccmv	1
-gst	1
aplrrtk	1
anti-sir2	1
lg5	1
anti-mcherry	1
rec8	1
-msh	1
anti-sycp1	1
p38	1
rme-2	1
monocloncal	1
m-38	1
anti-plk4	1
anti-proregion	1
funding	1
anti-vipd	1
bri1-9	1
ftz	1
anti-erbb2	1
anti-ecd	1
hago2	1
mps1	1
liposomes	1
ftl	1
atg8a	1
anti-rbp3	1
nesprin3	1
anti-hira	1
mark2/par1-myc	1
anti-phospho-ncc	1
taf1	1
tac-1	1
mmp	1
foxe3	1
bf-f3	1
hdac1hi1618	1
anti-h3s10ph	1
myoviia	1
generate	1
traf2	1
fiber-modified	1
sox17-apc	1
anti-raldh2	1
anti-rbpj	1
heparanase	1
cwk-f12	1
lifact	1
celsr1	1
anti-msp	1
conducted	1
anti-ndv	1
leishmania-specific	1
p15ink4b	1
cc10	1
glh-1	1
anti-cbx1	1
anti-tert	1
prox1	1
anti-pdx-1	1
ohase	1
-ktre	1
j774a.1	1
anti-krlg1	1
intimin	1
eyal	1
vreteno	1
sunitinib	1
pink1	1
st14	1
ets1	1
gfp-mps1	1
tip48	1
anti-emp47	1
anti-traf2	1
fancl	1
anti-h9n2	1
anti-lamin-a	1
meadow	1
c-tnt	1
pdule-pbpa	1
non-specific	1
anti-trap	1
anti-hop1	1
zk	1
jarid2	1
dt9	1
stork	1
adenovirus	1
anti-trmp5	1
anti-ssb	1
anti-dpy7	1
anti-vsg221	1
anti-stellate	1
molecular	1
hscyk-4	1
brca1	1
anti-tbr1	1
3d7	1
anti-pgrs	1
t-all	1
capsular	1
b6.d2.12d	1
tera-2	1
anti-det3	1
serotonin	1
anti-tjp3	1
cgkii	1
rip3	1
gxcdd	1
ncb	1
sin1	1
bennett	1
anti-rpl35	1
gst-hnap-1	1
bace1	1
anti-h16	1
stm	1
anti-caveolin	1
anti-runx1	1
arrb1/2	1
mgf/eb	1
nrxiv	1
pde4a	1
anti-importin-	1
anti-cd24	1
mhes1	1
f1.652	1
cox-2	1
sirt1	1
anti-scribble	1
g9a	1
outstanding	1
anti-sumo2/3	1
anti-fsp-1	1
corazonin	1
neoepitope	1
glioblastoma	1
tn14003	1
agrin	1
trx-1	1
lant6	1
rrv	1
aged	1
nrxi	1
huh7	1
moesin-deficient	1
mountain	1
srsf1	1
cip98	1
anti-tpr	1
alpah6	1
integration-proficient	1
anti-rnp29	1
anti-cx45	1
anti-pkg	1
k5	1
lip.1	1
anti-mitochrondrial	1
nki-l16	1
scpb	1
anti-dmt1	1
ola1	1
anti-k-bzip	1
anti-polymer	1
retinal	1
lap-mps1	1
blinkin	1
17b	1
ed-1	1
anti-tip30	1
72	1
anti-ngr234	1
70	1
sf3b155	1
alpha	1
anti-cnot7/caf1a	1
anti-coq5p	1
anti-pcdha	1
kc	1
anti-psa	1
anti-env	1
kh	1
scp2	1
brains	1
anti-pendrin	1
hints	1
anti-fancc	1
pa.	1
pou3f4-cre	1
sod1-cfp	1
pan-jnk	1
alda-1	1
flt1	1
thomas	1
clpp	1
mcl	1
-ipac	1
anti-mfg-e8	1
4-deoxy-4-phospho-d-erythronohydroxamic	1
htnf	1
bst2	1
flag-hhr23a	1
anti-kif5a	1
anti-kif5c	1
translation	1
dlx2	1
anti-rag1	1
anti-cd154	1
trps1	1
glycine	1
northern	1
prpa	1
-ifitm3	1
nf-e4	1
orc2	1
alms1	1
st3gal-i	1
anti-dsxm	1
factor	1
snf5	1
ocd4	1
huygens	1
nrp-1b	1
anti-hnrnpc	1
gap45	1
adcc	1
hiv	1
phaseolin	1
anti-rage	1
hhv-6	1
pabpc	1
cd3	1
anti-pea	1
stec	1
wc-2	1
cd9	1
inducible	1
tlr2-/-	1
bip2	1
15-lox-1	1
385-99	1
e2f1	1
crt	1
oxt	1
kisspeptin	1
anti-bilri	1
2b	1
orco	1
anti-hsv-2	1
anti-znt-3	1
crh	1
anti-p78mx1	1
pop-1	1
sev	1
mouse-isg15	1
set	1
anti-np95	1
ova-specific	1
sipc	1
trbp	1
pvx	1
anti-zz3	1
hpv16	1
ps2	1
anti-pfbip	1
anti-cenp-h	1
csa-1	1
anti-cenp-n	1
anti-aes	1
diap1	1
anti-bp180	1
anti-il-22	1
tp003	1
nf-yb	1
aiib2	1
anti-tax2	1
anti-gerk	1
pictures	1
trek-1	1
vsv-g	1
anti-dap160	1
anti-pilus	1
prn3	1
anti-carbonic	1
anti-hrr25	1
p58shell	1
anti-pld1	1
capn1	1
dynein	1
anti-hs100a8	1
available	1
korea	1
anti-dpep1	1
bcd-egfp	1
pcs2	1
1d11	1
complement	1
cb76.1/huh7	1
brca1/p53	1
dtr	1
adenoviruses	1
procollagen	1
aaspvi	1
anti-dorsal	1
anti-lytm	1
muex353	1
anti-ankyrin-b	1
nup133	1
xklp1	1
wo1	1
dyn-2	1
dyn-1	1
nucleoporin	1
ld-actin	1
anti-idiotypic	1
ltbp-1	1
pdi	1
mpr6	1
anti-lmp-1	1
unc-45	1
anti-pferd2	1
whole	1
ing1	1
anti-hcg	1
pef06r	1
rgs13	1
large-scale	1
ifh1	1
bam-gal4	1
anti-sipc	1
anti-caspr	1
dynorphin	1
anti-pebp	1
tgf	1
sbem	1
linux	1
anti-ac45	1
nr1	1
anti-marco	1
ps	1
anti-apra	1
chick	1
cf2	1
t53-1	1
tb40e	1
psvl-tat	1
non-relevant	1
ve-cadherin	1
trpm5-antibody	1
phospho-smad-2	1
kv11	1
adhes1	1
pk	1
anti-cfad	1
tg3	1
pshag1vector	1
f	1
uh1	1
precision	1
ovipneumoniae	1
osw2	1
2e2a6	1
spp1	1
liver	1
lamp-2	1
eaat5	1
1f9	1
p1	1
eaat4-egfp	1
mitoq10	1
f-spondin	1
h3k9m2	1
anti-angiogenin	1
anti-pitx2	1
omp85	1
lamc2tm1uit	1
anti-clk	1
mper2luc	1
ci-39	1
pwpxld	1
anti-veg	1
-dc-sign	1
3g8	1
ebov-z	1
p-s6	1
binding	1
caprin-1	1
anti-epoetin	1
tonsil	1
aldolase	1
anti-tgimc3	1
full-length	1
slc5a8	1
hek293t	1
snai1	1
6.2a1	1
nab3	1
anti-rv1698	1
akta	1
anti-pc1/3	1
pet22b	1
pegfp-c1	1
rfc-1	1
anti-tigit	1
dmrt7	1
virb8	1
anti-chx10	1
arabidopsis	1
anti-plp	1
tc7	1
gfp-centrin	1
anti-pfs25	1
syt2	1
is30	1
nucleosome	1
anti-escrt	1
mdp-1	1
syk	1
comprehensive	1
smc3	1
anti-celsr1	1
anti-gp135/podocalyxin	1
ferritin	1
psu	1
ipl1-321	1
anti-palon	1
anti-glwamide	1
anti-knot	1
prk5-nr2e3	1
gene	1
4f3h2	1
anti-ppe41	1
bghb	1
isotype	1
fcrn	1
cho-mac1	1
anti-hsp60	1
anti-paraflagellar	1
anti-snail	1
baculovirus-infected	1
swiss	1
anti-dlc	1
nlg	1
lsd1	1
anti-mlp	1
klf2	1
nucleoprotein	1
pfastbac	1
c-fos	1
anti-dco	1
glp-4	1
anti-nf-	1
antibodies.supporting	1
anti-diap1	1
dmc1	1
anti-vglut2	1
vsv-gfp	1
baculoviruses	1
anti-pdf	1
pegfp	1
twist-gal4	1
anti-hur	1
lm19	1
pdup175	1
alr1	1
pcdna3-adar1-p110	1
hgn194	1
anti-bvgs	1
sox-1	1
anti-k71	1
anti-circumsporozoite	1
zeste	1
leptospirosis	1
stwl	1
anti-clip170	1
anti-htp-3	1
mags.do5	1
anti-il-1	1
anti-orcokinin	1
anti-eg5	1
vha-5	1
rac-1	1
anti-asn13	1
smad-7	1
v61	1
bmal1-specific	1
dlk1	1
kim127	1
anti-kash5	1
pyrene	1
anti-carbonyl	1
apc3	1
d	1
cadherin-11	1
jasplakinolide	1
anti-tbvdac	1
anti-c38	1
anti-emi1	1
k-atpase	1
set-1	1
54.1	1
eed	1
bsep	1
fp6.87	1
essential	1
anti-msh4	1
caged	1
pbp4	1
anti-ha-epitope	1
cpy*	1
saa	1
autophagy	1
scrib	1
b6	1
anti-spry2-c	1
anti-upf1	1
histology	1
b2	1
anti-polycystin-2	1
hormad2	1
kavar	1
progerin-antibody	1
anti-zp	1
anti-pd-1	1
anti-faz	1
lamin	1
mdck	1
id6	1
l15	1
id4	1
ise6	1
1g2	1
id1	1
synorf	1
anti-tulp3	1
anti-pvr	1
plasmatocyte	1
anti-aids	1
anti-bcia	1
anti-o103	1
anti-dup	1
phh1-ha3	1
anti-tpd3p	1
pho1	1
anti-irf1	1
patient	1
anti-atoh1	1
s12	1
anti-prrp	1
anti-cathepsin	1
achr	1
anti-cd148	1
hdac1/2	1
br	1
anti-guinea	1
srif	1
anti-o4	1
anti-znt8	1
anti-o2	1
tppp/p25	1
anti-profilin	1
anti-nav1.5	1
anti-nav1.7	1
v-type	1
lasv-specific	1
saa3	1
rbmy	1
vatpase	1
egfp-marked	1
med7	1
erdj5	1
hem-1	1
cr	1
hoxc8	1
anti-sidc	1
gilz	1
nso	1
anti-yop	1
mcherry-eb3	1
anti-tryparedoxin	1
anti-lipophorin	1
anti-f1-atpase	1
ami1	1
conformation-sensitive	1
recombinase	1
anti-nup133	1
mcm10	1
anti-erdj3b	1
anti-lixisenatide	1
pgreenii0029	1
pcrl	1
imp8	1
pcaggs	1
n68/3	1
anti-enolase	1
s100a14	1
anti-sad1	1
tepc-15	1
cenp-meta	1
lexa	1
bmi-1	1
anti-hla-a	1
rl-77	1
anti-erap1	1
af-6	1
great	1
foxg1	1
cc-400	1
delta	1
anti-prongf	1
ns1	1
ns2	1
linc	1
ns5	1
raising	1
nanoluc	1
frizzled-7byfp	1
anti-7-methylguanosine	1
smad4f/f	1
4-hydroxynonenal	1
n-terminus	1
anti-tbcytc	1
anti-rim	1
lyve-1	1
satb2	1
single-domain	1
tip60	1
anti-vsg	1
cd45	1
cd44	1
anti-hsd17b7	1
anti-amh	1
ptcp2031v	1
pgbx2-ha-fl	1
alox15	1
synaptotagmin	1
mh2a	1
nav1.7	1
anti-hac1	1
kidney	1
anti-mor256-17	1
anti-oas	1
anti-polyglutamine	1
cm.hsp70.1	1
mrfp-dynamin	1
-67.2	1
anti-pld2	1
anti-seminase	1
anti-sars-cov	1
anti-mmp	1
anti-neurofilament	1
nav	1
syncoilin	1
anti-fox2p	1
atg14l	1
phospho-p53	1
spo0a	1
nectin-1	1
anti-ssec	1
735	1
va-rna	1
cleaved-caspase	1
anti-nfatc1	1
anti-sec16	1
psvport1-hrxr	1
anti-golgin-97	1
anti-cyp2a6	1
uas-tau	1
pm/sh	1
hbv-specific	1
prestin-pcdna3.1	1
rpgrip1nmf247	1
anti-cytb2	1
anti-lhx2	1
2d1	1
jc1	1
fluorescence	1
trail	1
anti-lhx8	1
anti-rec-8	1
anti-crb1	1
ck-19	1
antinitrotyrosine	1
raca	1
stat1-deficient	1
pfr	1
cc2	1
anti-cta1p	1
armadillo	1
flag-tucan	1
sumo-2/3	1
synovium	1
anti-ngal	1
anti-ci-155	1
anti-gad65/67	1
vp-60	1
gv	1
rho-1	1
gs	1
sir4	1
l428	1
anti-tap	1
anti-pt669	1
knockout	1
ectv	1
anti-pfk1	1
anti-gb3	1
anti-rif	1
anti-taf3	1
p58ipk	1
ga	1
parvalbumin	1
gk	1
rcad	1
anti-apep-7	1
compact	1
aquaporin	1
anti-mitofusin	1
anti-sco2837	1
deacetylase	1
hsb-ml	1
anti-ascl2	1
gst-ran	1
anti-ace	1
p0-cre	1
ctd110.6	1
n8a	1
dcrflx/flx	1
lewis	1
reagents/strains	1
anti-syp-1	1
gb	1
snail1	1
anti-mor-eg	1
phospho-smad3c	1
anti-nell2	1
g4	1
mito-gfp	1
hoil-1	1
anti-neph1	1
trc105	1
g9	1
anti-acta	1
phosphorylation-state-specific	1
imr90	1
cellular	1
anti-cap-h2	1
anti-thy-1	1
anti-ir	1
anti-synphilin-1	1
anti-nherf-1	1
anti-delta	1
connexin	1
anti-vasp	1
anti-nheb	1
sjmeg-4.1	1
hpv-16/18	1
cyclosporine	1
rep20	1
vzv	1
trx	1
p63-antibody	1
glucocorticoid	1
o1	1
efflux-deficient	1
iba	1
trypanosome	1
ko143	1
zyxin	1
jc53	1
anti-appl1	1
anti-rpb3	1
antigen	1
myo1c	1
prr88-wt	1
anti-cg-nap	1
anti-kv1.3	1
par-5	1
par-3	1
hdm2	1
muf19	1
smn2	1
rd4	1
anti-enhb-1	1
ct1	1
ct3	1
anti-hp-nap	1
sapb	1
gfp-lc3	1
anti-nse4b	1
n1p1	1
bira	1
90-13	1
3a	1
anti-groel2	1
ura4+	1
genetically-modified	1
3d	1
lea	1
clic4	1
puparia	1
anti-c-myb	1
rcan1	1
tph-2	1
rvtt-gagpol	1
myosin	1
lep	1
anti-mmp-13	1
anti-pgl	1
dolphin-specific	1
gfp-tau	1
rr3	1
z1	1
anti-ptgr1	1
anti-dsnap-25	1
anti-ach3	1
anti-rad51	1
anti-htt	1
mre11	1
mfg-e8	1
36	1
smp14	1
anti-sept11	1
ctd	1
33a10	1
rpoa	1
mhc-i	1
anti-pdgfr	1
syp41	1
rdl	1
anti-hth	1
129s2	1
tat	1
anti-spne	1
a-mouse	1
4a1	1
anti-ompu	1
anti-agalsidase	1
plzf1	1
anti-petd	1
anti-ring1b	1
anti-rho1	1
duck	1
caspase-3	1
anti-nad9	1
4a+	1
anti-swi6p	1
cha	1
use	1
gpi-	1
anti-fab1	1
hpmec-st1-6r	1
replicon	1
pcgig5	1
display	1
anti-kdel	1
cho	1
dll4	1
ldb1	1
anti-mntc	1
anti-foxe3	1
anti-meartd1	1
4t1	1
dn-fgfr1	1
anti-dna-pkcs	1
red1	1
1/2	1
anti-nk	1
anti-cap24	1
pfl	1
ndhl	1
sir3	1
cam741	1
anti-fv3	1
ocp	1
egfp-lc3	1
anti-vyk	1
anti-ns	1
anti-rev	1
sample	1
anti-dth	1
1-syntrophin	1
anti-glypican-4	1
anti-rex	1
anti-mlh3	1
anti-reg	1
anti-cep192	1
-tubulin-cy3b	1
trpm8	1
anti-jfh-1	1
anti-rel	1
snf2	1
phol	1
pcmv-utr-seap	1
carboxymethyllysine	1
hg3bp1.dn3	1
gamma-tubulin	1
anti-pop-1	1
anti-pmt3	1
anti-ad12	1
r26	1
anti-e-cadherin	1
mc-480	1
glut4	1
anti-flii	1
anti-cap-d2	1
pgkje6	1
tg-bmp2	1
siv	1
psicor	1
nucleophosmin	1
robo1	1
myc-cdc42	1
fxr1p	1
robo2	1
robo4	1
sycp3	1
anti-pep	1
anti-pfhsp70	1
atpase	1
xq1	1
40love	1
jb1a	1
l2-specific	1
anti-phosphonkcc1	1
maternal	1
cpna	1
anti-bub-1	1
rap1	1
anti-opb	1
pgwb	1
anti-krt17	1
anti-frizzled-2c	1
anti-darl8	1
a375	1
prostate	1
anti-vdipen	1
sur-8	1
psd1	1
pdcd5	1
anti-prospero	1
anti-betaigh3	1
gd25/gd25	1
anti-tgcpl	1
anti-iam38	1
set7	1
ds6k	1
kyse	1
anti-kasb/kasb	1
sendai	1
phd3	1
iix-specific	1
anti-m13	1
anti-mal2	1
prp-deficient	1
anti-hoap	1
gfp-atg8	1
anti-gro	1
pcmv-flox	1
syndecan	1
p-akt	1
vsx2	1
anti-nae	1
gfp-atg5	1
-depleting	1
fmr-1	1
rag2-gfp	1
trpa1	1
anti-male	1
anti-nip6	1
raw	1
raav-cb	1
ribeyea	1
mod5	1
fgfr2	1
nf-	1
lm	1
psviii-hxb2	1
anti-nuclear	1
dao-5	1
nf1	1
anti-aciii	1
anti-phospho-caga	1
-ini1	1
archival	1
anti-pf332	1
anti-arx	1
clip-190	1
anti-rec30	1
material	1
anti-recoverin	1
anti-p-akt	1
hbec3kt	1
mekk1	1
p11	1
anti-ark	1
em2g11	1
nibs	1
anti-cagn	1
pnr2c	1
anti-h2av	1
ubda	1
proctolin	1
ac17	1
yopk	1
rab5	1
rab7	1
eph-b2	1
sup35	1
anti-hc750	1
haec	1
anti-trim5	1
anti-cd45	1
anti-lipoarabinomannan	1
pbsaptcagftig	1
anti-pde3a	1
crx	1
l8	1
anti-odin	1
anti-ip-10	1
blam-vpr	1
anti-tip60	1
anti-fstl1	1
gst-pbd	1
anti-ama1-c1	1
related	1
anti-cd40	1
anti-wrn	1
cnga1	1
npc1	1
slbp	1
anti-zip3	1
huvecs	1
anti-dek	1
hpiv2	1
anti-wsp	1
9.3	1
special	1
anti-tim17	1
jcv-inoculated	1
rex	1
hrd1	1
lt6	1
cp110	1
anti-jeb	1
hlya	1
rev	1
anti-npc2	1
ret	1
anti-k17	1
anti-k12	1
l1-fc	1
pgc-1	1
reb	1
f1g4	1
ie180-specific	1
7e8	1
antisomatostatin	1
kj1-26	1
lrpprc	1
adrp-specific	1
anti-crumbs	1
thp-1	1
npcs	1
podocin-rtta	1
pan-ub	1
mxcre	1
ct33	1
anti-neun/dapi	1
anti-dido	1
pnl4-3	1
pancreatic	1
anti-apptth	1
k-rta	1
hyou1	1
anti-bdlf1	1
map23	1
anti-ntpdase3	1
david	1
anti-her	1
abdb	1
gst-crk	1
gfp-ranbp2	1
anti-vdac	1
timed	1
npy	1
lipl32	1
anti-mglur2	1
phosphospecific	1
anti-macroh2a1	1
cy3	1
anti-nec	1
t49	1
anti-p27bbp/eif6	1
aliquots	1
hex	1
vlp-18	1
cord	1
carm1	1
cep290	1
tubacin	1
1e4	1
l31	1
pan-ampa	1
quality	1
anti-sdc	1
10-h	1
anti-tcpa	1
monkey	1
tn3-19.12	1
dm1	1
tff-2	1
anti-nphp1	1
ncs-1	1
anti-rpos	1
midkine	1
anticapsular	1
hsp-16	1
pia/pnag	1
brms1	1
anti-d	1
mad2	1
sirna	1
anti-e2a-72k	1
4g8	1
anti-kaiso	1
gsno-r	1
nck1-expressing	1
24b10	1
contactin-2	1
anti-lrat	1
anti-m.	1
pmdl2	1
anti-2a	1
anti-ptx3	1
hct-116	1
ih4	1
rs453	1
maebl	1
propyzamid	1
anti-ribosomal	1
pz64-18	1
anti-dok1	1
plk-1	1
latexin	1
ipab	1
etv1	1
pcmv6-myc	1
bee	1
patients	1
anti-slams	1
anti-tva	1
oxphos	1
110.6	1
zm3.8	1
rnq1	1
n-terminal	1
anti-tconts	1
anti-vmat2	1
anti-msro	1
anti-listeria	1
-pfbip	1
ureb-specific	1
anti-esar	1
anti-mic8	1
anti-u1-70	1
anti-veli	1
vaca	1
t2.5	1
pul97-specific	1
anti-mic4	1
q	1
igf-ir-	1
anti-sox9	1
anti-tbppdk	1
anti-pres1	1
anti-diphteria	1
pmvk	1
prp38	1
neurophysin	1
tia-1	1
nt-3	1
anti-cenp-e	1
anti-icl1p	1
msp1	1
soap	1
tcr-	1
b6.il-18	1
wsp	1
anti-fur	1
anti-micb	1
anti-mica	1
dectin-1	1
pfrab11a	1
rt112	1
anti-scamp2	1
udorn	1
preparations	1
antipeptide	1
pdgfr	1
intrinsic	1
prorbr1	1
pkr	1
anti-nck2	1
t-bet	1
affymetrix	1
anti-gp	1
mov19	1
tff2	1
vinexin	1
anti-bab2	1
anti-napa	1
obscurin	1
anti-espin	1
uparap	1
n803-oh	1
dta-1	1
anti-exp1	1
ab12-a2fl	1
cetuximab	1
sdf1	1
y1771a	1
anti-cpxv	1
cd27	1
cd24	1
anti-erdj3a	1
mts10	1
anti-boris	1
anti-asm	1
anti-4-1bb	1
rpe-mchr1gfp	1
dehydrin	1
anti-ftf	1
anti-ase	1
uaf-1	1
anti-hm1.24	1
thoc5	1
ha	1
anti-la	1
illumina	1
plga	1
gli3xt/+	1
anti-r28/alp2	1
pe1a	1
jan	1
bernard	1
dystrophin	1
foxa2	1
anti-gal	1
math1gfp/gfp	1
anti-gaf	1
anti-melanopsin	1
hsd3b1	1
crxgfp	1
6d11	1
anti-mpp4	1
tcof1	1
t-dna	1
gemcitabine	1
clathrin	1
bp104	1
anti-dicer	1
anti-nimrod	1
mgl	1
tbh	1
anti-neutrophil	1
anti-ubxd1	1
pgem4-shox2cds	1
matrigel	1
anti-aav9	1
anti-lambda	1
phd1,2,3	1
anti-isl2	1
anti-gas6	1
aep	1
meca79	1
knf-101	1
s-layer	1
nisb	1
hop1	1
rad53kd	1
trf1	1
-catenin	1
anti-pfhu	1
anti-gi	1
ir47-9	1
notch1-gfp	1
shh	1
dpn	1
anti-gh	1
anti-syndecan3	1
k5tta	1
top-gal	1
dbx1	1
modulo	1
sam68	1
anti-ospc	1
anti-chicken	1
canine	1
anti-denv3	1
p27	1
10e4	1
p20	1
bxp-21	1
10e7	1
anti-ssea-4	1
mf2.2d9	1
periaxin	1
anti-il15	1
anti-aaf	1
myosin-viia	1
nuclear	1
anti-catl	1
anti-jun/fos	1
anti-sup45	1
targeted	1
anti-ddx-3	1
kidneys	1
anti-rrp6	1
jerard	1
cgi-58	1
anti-syt	1
anti-ter94	1
eyfp-cenh3	1
key	1
anti-reg3	1
outer	1
hbfs	1
pnia	1
303.9	1
wasp	1
syndecan-1	1
stat3	1
anti-dbpa	1
anti-notch3-ecd	1
flag-mtk1	1
anti-lmlcb2	1
gpcr	1
anti-nr2b	1
2166	1
anti-timeless	1
anti-psal	1
erbb2	1
dj-1	1
anti-cox2p	1
mode-k	1
crystallins	1
ti98	1
anti-ihf	1
anti-mgda	1
anti-s1-1	1
anti-p2y2	1
bcl-xl	1
anti-ste11	1
fg12	1
ot6	1
pc-ptp-neo	1
anti-3dpol	1
anti-ebp2	1
10c9.1	1
l1_orf1	1
anti-drp2	1
1-subunit	1
espg	1
doublesex	1
anti-rhodopsion	1
ags	1
tbrab11	1
lim1/2	1
attsa1	1
anti-hnrnp-k	1
feather	1
nnos	1
shh-n	1
lgr5	1
ldlb	1
pbron2-myc	1
anti-pap	1
anti-par	1
miconazole	1
r2629	1
anti-lepa	1
nsl3	1
anti-zeste	1
lmo7	1
bestrophin-1	1
sm-mhc	1
bsloc	1
anti-pan	1
pig	1
pip5ki	1
anti-beta-tubulin	1
anti-fip3	1
brd4ca	1
map3k9	1
gfp-lentivector	1
anti-fip5	1
anti-tgmic2	1
ncam	1
mek1	1
smedwi-1	1
ndt80	1
cox	1
wild	1
anti-ps324/325	1
cvd	1
h1t2	1
pfgap45	1
bb2	1
pkf	1
g304	1
vh	1
abp1	1
4c4	1
squid	1
dc-sign	1
pcdna3.1-ha-apobec3g	1
scmas	1
smads	1
8e5	1
anti-kb-ova	1
monospecific	1
wo2	1
anti-vp22	1
autoantibodies	1
capture	1
synorf-1	1
anti-pia	1
anti-frutalin	1
ptf1a	1
eb165	1
anti-flrt3	1
antiviral	1
inca	1
goat-a-pdx1	1
sivnef	1
sgo2	1
tggap45	1
pdgdra	1
anti-lt	1
lf-41	1
pprv	1
tmod3	1
pdh	1
anti-nucleosome	1
v.	1
mtip	1
sopb	1
-mes-4	1
anti-desmocollin	1
-dystroglycan	1
cdh1	1
ut-a1	1
cdh5	1
a2/japan/305/57	1
diabetes	1
preimmune	1
anti-wee	1
skn-1	1
islet-1	1
mir-27a	1
517b	1
il-23	1
anti-gra5	1
ftt-2	1
anti-gen1	1
anti-usp10	1
anti-gra3	1
iih6	1
nkx6-2lacz	1
10b6	1
s27	1
self-inactivating	1
anti-nalcn	1
anti-psd	1
anti-puromycin	1
teijin	1
flna-egfp	1
anti-perlecan	1
anti-p-hirf7	1
glut	1
sufi	1
pan-uroplakin	1
anti-glepp1	1
tonb	1
-sox3c	1
kv7.4	1
p19	1
anti-rae28	1
gluc	1
kindlin-2	1
tdp-43	1
skp	1
anti-d1r	1
anti-de2f1	1
cr-50	1
anti-h2b	1
11nq	1
anti-phos-htt	1
cabozantinib	1
anti-myova	1
anti-pspc1	1
gxm	1
lymphocytes	1
anti-barren	1
adm	1
anti-datx2	1
adk	1
c1/6.1	1
anti-do11.10	1
immunostaining	1
codon	1
anti-cd40l	1
fasiii	1
8e5/lav	1
mf1	1
-mpax8-biii	1
accd6	1
anti-murf1	1
anti-pip2	1
sequencing	1
hes2	1
fox3p	1
spt5	1
spt4	1
hes7	1
sod-2	1
anti-hcn4	1
climp-63	1
el350	1
anti-e2f1	1
h3k9me	1
dll4-floxed	1
gf120918	1
anti-en/inv	1
rec-8	1
kinexus	1
anti-vimentin	1
anti-irg	1
anti-btuba/b	1
c8	1
3e10	1
fibrillin-1	1
anti-vii	1
-nifu	1
anti-lipin-1	1
hjurp	1
anti-osteopontin	1
classical	1
22734	1
podocalyxin	1
ac88	1
growth	1
vsg	1
ifnar-/-	1
zip1	1
k16	1
n-waspdel/del	1
tsc2+/+	1
scd4	1
t-cell	1
anti-nipbl	1
dagl	1
ring2	1
va-18	1
pser74	1
anti-metallothionein	1
sdc	1
cd14	1
anti-cd206/mannose	1
cc-124	1
l2	1
anti-smatpdase1	1
anti-engrailed	1
anti-osad	1
tul4	1
anti-tfam	1
pr	1
tetramers	1
anti-tle4	1
prare3	1
anti-tle1	1
mc38	1
anti-fsp1	1
anti-vsrat	1
anti-bipa	1
dcc	1
sdmg1	1
anti-hbd2	1
host	1
vp39	1
mitf	1
ephrin-as	1
slug	1
anti-sp-b-	1
p35	1
aconitase	1
a1	1
anti-pex3	1
cd1c	1
anti-bicoid	1
hic3-2d12	1
anti-macroh2a1.2	1
fatp1	1
flaky	1
seeds	1
fatp4	1
anti-erv1	1
lmpabp2	1
comp	1
anti-cdc10p	1
nod-scid	1
software	1
stro-1	1
h9	1
hct-trm	1
gt335	1
anti-jev	1
anti-porcine	1
functional	1
h4	1
-pcdh	1
gli3	1
sulf-1	1
anti-pfr	1
h.	1
brd-1	1
anti-foxg1	1
psmad3	1
anti-ezrin	1
pb7wg2.0.pdcb1-mcherry	1
additional	1
anti-rfa116	1
confirmatory	1
mist1	1
dimerization	1
anti-cld	1
auxilin	1
kir7.1	1
pa	1
293-affinofile	1
feline	1
pact2	1
inspiration	1
specimens	1
rca	1
rcc	1
anti-tim-4	1
flag-zfp521	1
ct15	1
nlgn2	1
anti-tim-1	1
shank	1
funds	1
hp	1
cihhv-6	1
aha2	1
anti-18e6	1
hu	1
anti-procollagen	1
automated	1
hb	1
anti-stereocilin	1
eb	1
anti-sox10	1
lmd6000	1
mindbomb	1
madd	1
dmd	1
sp-c	1
sp-a	1
anti-abp1	1
j	1
e.coli	1
aldh2	1
anti-alginate	1
c17	1
lecre	1
rmertk571	1
neuro2a	1
cdc7	1
ins-1	1
e18-p48	1
flic	1
pre4	1
rdm4	1
anti-cdc19	1
anti-cap-g	1
glun2b/nr2b	1
epec	1
anti-nervana	1
pprex3-tk-luc	1
neuroglian	1
anti-ub	1
mtor	1
anti-caxii	1
glutamate	1
anti-orco	1
anti-patched	1
roscovitine	1
anti-hexim1	1
deadly	1
-pcmt1	1
43	1
anti-rank	1
hn1	1
5.h11	1
myc-tagged	1
bc1	1
anti-virb8	1
lhcgr	1
stat	1
hp2y2-his6	1
pfr2	1
anti-obge	1
anti-burkholderia	1
sm	1
pde-5	1
tip-1-expressing	1
anti-caspase	1
anti-brafv600e	1
prk7	1
anti-phosphacan	1
snap-25	1
8f3	1
anti-rb2	1
macrophage	1
huntingtin	1
radiolabeled	1
anti-lamc2	1
eoe	1
anti-rickettsia	1
c-myc	1
hp2	1
anti-icsa	1
bcg	1
c3-deficient	1
immunocompetent	1
anti-vapbc-2	1
-mir	1
kmx-1	1
rankl	1
n297q	1
38b8	1
